const uint8_t tahoma18pt8bBitmaps[] PROGMEM = {
  0xFF, 0xFF, 0xFF, 0xFF, 0xFF, 0xFF, 0xFC, 0x00, 0x00, 0x0F, 0x00, 0x00,
  0x03, 0xC0, 0x00, 0x00, 0xF0, 0x00, 0x00, 0x3C, 0x00, 0x00, 0x0F, 0x00,
  0x00, 0x03, 0xC0, 0x00, 0x00, 0xF0, 0x00, 0x00, 0x3C, 0x00, 0x00, 0x0F,
  0x00, 0x00, 0x03, 0xC0, 0x00, 0x00, 0xF0, 0x00, 0x00, 0x3C, 0x00, 0x00,
  0x0F, 0x00, 0x00, 0x03, 0xC0, 0x00, 0x00, 0xF0, 0x00, 0x00, 0x3C, 0x00,
  0x00, 0x0F, 0x00, 0x00, 0x03, 0xC0, 0x00, 0x00, 0xF0, 0x00, 0x00, 0x3C,
  0x00, 0x00, 0x0F, 0x00, 0x00, 0x03, 0xFF, 0xFF, 0xFF, 0xFF, 0xFF, 0xFF,
  0xF0, 0xFF, 0xFF, 0xFF, 0xFF, 0xFF, 0xFF, 0xFC, 0x00, 0x00, 0x0F, 0x00,
  0x00, 0x03, 0xC0, 0x00, 0x00, 0xF0, 0x00, 0x00, 0x3C, 0x00, 0x00, 0x0F,
  0x00, 0x00, 0x03, 0xC0, 0x00, 0x00, 0xF0, 0x00, 0x00, 0x3C, 0x00, 0x00,
  0x0F, 0x00, 0x00, 0x03, 0xC0, 0x00, 0x00, 0xF0, 0x00, 0x00, 0x3C, 0x00,
  0x00, 0x0F, 0x00, 0x00, 0x03, 0xC0, 0x00, 0x00, 0xF0, 0x00, 0x00, 0x3C,
  0x00, 0x00, 0x0F, 0x00, 0x00, 0x03, 0xC0, 0x00, 0x00, 0xF0, 0x00, 0x00,
  0x3C, 0x00, 0x00, 0x0F, 0x00, 0x00, 0x03, 0xFF, 0xFF, 0xFF, 0xFF, 0xFF,
  0xFF, 0xF0, 0xFF, 0xFF, 0xFF, 0xFF, 0xFF, 0xFF, 0xFC, 0x00, 0x00, 0x0F,
  0x00, 0x00, 0x03, 0xC0, 0x00, 0x00, 0xF0, 0x00, 0x00, 0x3C, 0x00, 0x00,
  0x0F, 0x00, 0x00, 0x03, 0xC0, 0x00, 0x00, 0xF0, 0x00, 0x00, 0x3C, 0x00,
  0x00, 0x0F, 0x00, 0x00, 0x03, 0xC0, 0x00, 0x00, 0xF0, 0x00, 0x00, 0x3C,
  0x00, 0x00, 0x0F, 0x00, 0x00, 0x03, 0xC0, 0x00, 0x00, 0xF0, 0x00, 0x00,
  0x3C, 0x00, 0x00, 0x0F, 0x00, 0x00, 0x03, 0xC0, 0x00, 0x00, 0xF0, 0x00,
  0x00, 0x3C, 0x00, 0x00, 0x0F, 0x00, 0x00, 0x03, 0xFF, 0xFF, 0xFF, 0xFF,
  0xFF, 0xFF, 0xF0, 0xFF, 0xFF, 0xFF, 0xFF, 0xFF, 0xFF, 0xFC, 0x00, 0x00,
  0x0F, 0x00, 0x00, 0x03, 0xC0, 0x00, 0x00, 0xF0, 0x00, 0x00, 0x3C, 0x00,
  0x00, 0x0F, 0x00, 0x00, 0x03, 0xC0, 0x00, 0x00, 0xF0, 0x00, 0x00, 0x3C,
  0x00, 0x00, 0x0F, 0x00, 0x00, 0x03, 0xC0, 0x00, 0x00, 0xF0, 0x00, 0x00,
  0x3C, 0x00, 0x00, 0x0F, 0x00, 0x00, 0x03, 0xC0, 0x00, 0x00, 0xF0, 0x00,
  0x00, 0x3C, 0x00, 0x00, 0x0F, 0x00, 0x00, 0x03, 0xC0, 0x00, 0x00, 0xF0,
  0x00, 0x00, 0x3C, 0x00, 0x00, 0x0F, 0x00, 0x00, 0x03, 0xFF, 0xFF, 0xFF,
  0xFF, 0xFF, 0xFF, 0xF0, 0xFF, 0xFF, 0xFF, 0xFF, 0xFF, 0xFF, 0xFC, 0x00,
  0x00, 0x0F, 0x00, 0x00, 0x03, 0xC0, 0x00, 0x00, 0xF0, 0x00, 0x00, 0x3C,
  0x00, 0x00, 0x0F, 0x00, 0x00, 0x03, 0xC0, 0x00, 0x00, 0xF0, 0x00, 0x00,
  0x3C, 0x00, 0x00, 0x0F, 0x00, 0x00, 0x03, 0xC0, 0x00, 0x00, 0xF0, 0x00,
  0x00, 0x3C, 0x00, 0x00, 0x0F, 0x00, 0x00, 0x03, 0xC0, 0x00, 0x00, 0xF0,
  0x00, 0x00, 0x3C, 0x00, 0x00, 0x0F, 0x00, 0x00, 0x03, 0xC0, 0x00, 0x00,
  0xF0, 0x00, 0x00, 0x3C, 0x00, 0x00, 0x0F, 0x00, 0x00, 0x03, 0xFF, 0xFF,
  0xFF, 0xFF, 0xFF, 0xFF, 0xF0, 0xFF, 0xFF, 0xFF, 0xFF, 0xFF, 0xFF, 0xFC,
  0x00, 0x00, 0x0F, 0x00, 0x00, 0x03, 0xC0, 0x00, 0x00, 0xF0, 0x00, 0x00,
  0x3C, 0x00, 0x00, 0x0F, 0x00, 0x00, 0x03, 0xC0, 0x00, 0x00, 0xF0, 0x00,
  0x00, 0x3C, 0x00, 0x00, 0x0F, 0x00, 0x00, 0x03, 0xC0, 0x00, 0x00, 0xF0,
  0x00, 0x00, 0x3C, 0x00, 0x00, 0x0F, 0x00, 0x00, 0x03, 0xC0, 0x00, 0x00,
  0xF0, 0x00, 0x00, 0x3C, 0x00, 0x00, 0x0F, 0x00, 0x00, 0x03, 0xC0, 0x00,
  0x00, 0xF0, 0x00, 0x00, 0x3C, 0x00, 0x00, 0x0F, 0x00, 0x00, 0x03, 0xFF,
  0xFF, 0xFF, 0xFF, 0xFF, 0xFF, 0xF0, 0xFF, 0xFF, 0xFF, 0xFF, 0xFF, 0xFF,
  0xFC, 0x00, 0x00, 0x0F, 0x00, 0x00, 0x03, 0xC0, 0x00, 0x00, 0xF0, 0x00,
  0x00, 0x3C, 0x00, 0x00, 0x0F, 0x00, 0x00, 0x03, 0xC0, 0x00, 0x00, 0xF0,
  0x00, 0x00, 0x3C, 0x00, 0x00, 0x0F, 0x00, 0x00, 0x03, 0xC0, 0x00, 0x00,
  0xF0, 0x00, 0x00, 0x3C, 0x00, 0x00, 0x0F, 0x00, 0x00, 0x03, 0xC0, 0x00,
  0x00, 0xF0, 0x00, 0x00, 0x3C, 0x00, 0x00, 0x0F, 0x00, 0x00, 0x03, 0xC0,
  0x00, 0x00, 0xF0, 0x00, 0x00, 0x3C, 0x00, 0x00, 0x0F, 0x00, 0x00, 0x03,
  0xFF, 0xFF, 0xFF, 0xFF, 0xFF, 0xFF, 0xF0, 0xFF, 0xFF, 0xFF, 0xFF, 0xFF,
  0xFF, 0xFC, 0x00, 0x00, 0x0F, 0x00, 0x00, 0x03, 0xC0, 0x00, 0x00, 0xF0,
  0x00, 0x00, 0x3C, 0x00, 0x00, 0x0F, 0x00, 0x00, 0x03, 0xC0, 0x00, 0x00,
  0xF0, 0x00, 0x00, 0x3C, 0x00, 0x00, 0x0F, 0x00, 0x00, 0x03, 0xC0, 0x00,
  0x00, 0xF0, 0x00, 0x00, 0x3C, 0x00, 0x00, 0x0F, 0x00, 0x00, 0x03, 0xC0,
  0x00, 0x00, 0xF0, 0x00, 0x00, 0x3C, 0x00, 0x00, 0x0F, 0x00, 0x00, 0x03,
  0xC0, 0x00, 0x00, 0xF0, 0x00, 0x00, 0x3C, 0x00, 0x00, 0x0F, 0x00, 0x00,
  0x03, 0xFF, 0xFF, 0xFF, 0xFF, 0xFF, 0xFF, 0xF0, 0xFF, 0xFF, 0xFF, 0xFF,
  0xFF, 0xFF, 0xFC, 0x00, 0x00, 0x0F, 0x00, 0x00, 0x03, 0xC0, 0x00, 0x00,
  0xF0, 0x00, 0x00, 0x3C, 0x00, 0x00, 0x0F, 0x00, 0x00, 0x03, 0xC0, 0x00,
  0x00, 0xF0, 0x00, 0x00, 0x3C, 0x00, 0x00, 0x0F, 0x00, 0x00, 0x03, 0xC0,
  0x00, 0x00, 0xF0, 0x00, 0x00, 0x3C, 0x00, 0x00, 0x0F, 0x00, 0x00, 0x03,
  0xC0, 0x00, 0x00, 0xF0, 0x00, 0x00, 0x3C, 0x00, 0x00, 0x0F, 0x00, 0x00,
  0x03, 0xC0, 0x00, 0x00, 0xF0, 0x00, 0x00, 0x3C, 0x00, 0x00, 0x0F, 0x00,
  0x00, 0x03, 0xFF, 0xFF, 0xFF, 0xFF, 0xFF, 0xFF, 0xF0, 0xFF, 0xFF, 0xFF,
  0xFF, 0xFF, 0xFF, 0xFC, 0x00, 0x00, 0x0F, 0x00, 0x00, 0x03, 0xC0, 0x00,
  0x00, 0xF0, 0x00, 0x00, 0x3C, 0x00, 0x00, 0x0F, 0x00, 0x00, 0x03, 0xC0,
  0x00, 0x00, 0xF0, 0x00, 0x00, 0x3C, 0x00, 0x00, 0x0F, 0x00, 0x00, 0x03,
  0xC0, 0x00, 0x00, 0xF0, 0x00, 0x00, 0x3C, 0x00, 0x00, 0x0F, 0x00, 0x00,
  0x03, 0xC0, 0x00, 0x00, 0xF0, 0x00, 0x00, 0x3C, 0x00, 0x00, 0x0F, 0x00,
  0x00, 0x03, 0xC0, 0x00, 0x00, 0xF0, 0x00, 0x00, 0x3C, 0x00, 0x00, 0x0F,
  0x00, 0x00, 0x03, 0xFF, 0xFF, 0xFF, 0xFF, 0xFF, 0xFF, 0xF0, 0xFF, 0xFF,
  0xFF, 0xFF, 0xFF, 0xFF, 0xFC, 0x00, 0x00, 0x0F, 0x00, 0x00, 0x03, 0xC0,
  0x00, 0x00, 0xF0, 0x00, 0x00, 0x3C, 0x00, 0x00, 0x0F, 0x00, 0x00, 0x03,
  0xC0, 0x00, 0x00, 0xF0, 0x00, 0x00, 0x3C, 0x00, 0x00, 0x0F, 0x00, 0x00,
  0x03, 0xC0, 0x00, 0x00, 0xF0, 0x00, 0x00, 0x3C, 0x00, 0x00, 0x0F, 0x00,
  0x00, 0x03, 0xC0, 0x00, 0x00, 0xF0, 0x00, 0x00, 0x3C, 0x00, 0x00, 0x0F,
  0x00, 0x00, 0x03, 0xC0, 0x00, 0x00, 0xF0, 0x00, 0x00, 0x3C, 0x00, 0x00,
  0x0F, 0x00, 0x00, 0x03, 0xFF, 0xFF, 0xFF, 0xFF, 0xFF, 0xFF, 0xF0, 0xFF,
  0xFF, 0xFF, 0xFF, 0xFF, 0xFF, 0xFC, 0x00, 0x00, 0x0F, 0x00, 0x00, 0x03,
  0xC0, 0x00, 0x00, 0xF0, 0x00, 0x00, 0x3C, 0x00, 0x00, 0x0F, 0x00, 0x00,
  0x03, 0xC0, 0x00, 0x00, 0xF0, 0x00, 0x00, 0x3C, 0x00, 0x00, 0x0F, 0x00,
  0x00, 0x03, 0xC0, 0x00, 0x00, 0xF0, 0x00, 0x00, 0x3C, 0x00, 0x00, 0x0F,
  0x00, 0x00, 0x03, 0xC0, 0x00, 0x00, 0xF0, 0x00, 0x00, 0x3C, 0x00, 0x00,
  0x0F, 0x00, 0x00, 0x03, 0xC0, 0x00, 0x00, 0xF0, 0x00, 0x00, 0x3C, 0x00,
  0x00, 0x0F, 0x00, 0x00, 0x03, 0xFF, 0xFF, 0xFF, 0xFF, 0xFF, 0xFF, 0xF0,
  0xFF, 0xFF, 0xFF, 0xFF, 0xFF, 0xFF, 0xFC, 0x00, 0x00, 0x0F, 0x00, 0x00,
  0x03, 0xC0, 0x00, 0x00, 0xF0, 0x00, 0x00, 0x3C, 0x00, 0x00, 0x0F, 0x00,
  0x00, 0x03, 0xC0, 0x00, 0x00, 0xF0, 0x00, 0x00, 0x3C, 0x00, 0x00, 0x0F,
  0x00, 0x00, 0x03, 0xC0, 0x00, 0x00, 0xF0, 0x00, 0x00, 0x3C, 0x00, 0x00,
  0x0F, 0x00, 0x00, 0x03, 0xC0, 0x00, 0x00, 0xF0, 0x00, 0x00, 0x3C, 0x00,
  0x00, 0x0F, 0x00, 0x00, 0x03, 0xC0, 0x00, 0x00, 0xF0, 0x00, 0x00, 0x3C,
  0x00, 0x00, 0x0F, 0x00, 0x00, 0x03, 0xFF, 0xFF, 0xFF, 0xFF, 0xFF, 0xFF,
  0xF0, 0xFF, 0xFF, 0xFF, 0xFF, 0xFF, 0xFF, 0xFC, 0x00, 0x00, 0x0F, 0x00,
  0x00, 0x03, 0xC0, 0x00, 0x00, 0xF0, 0x00, 0x00, 0x3C, 0x00, 0x00, 0x0F,
  0x00, 0x00, 0x03, 0xC0, 0x00, 0x00, 0xF0, 0x00, 0x00, 0x3C, 0x00, 0x00,
  0x0F, 0x00, 0x00, 0x03, 0xC0, 0x00, 0x00, 0xF0, 0x00, 0x00, 0x3C, 0x00,
  0x00, 0x0F, 0x00, 0x00, 0x03, 0xC0, 0x00, 0x00, 0xF0, 0x00, 0x00, 0x3C,
  0x00, 0x00, 0x0F, 0x00, 0x00, 0x03, 0xC0, 0x00, 0x00, 0xF0, 0x00, 0x00,
  0x3C, 0x00, 0x00, 0x0F, 0x00, 0x00, 0x03, 0xFF, 0xFF, 0xFF, 0xFF, 0xFF,
  0xFF, 0xF0, 0xFF, 0xFF, 0xFF, 0xFF, 0xFF, 0xFF, 0xFC, 0x00, 0x00, 0x0F,
  0x00, 0x00, 0x03, 0xC0, 0x00, 0x00, 0xF0, 0x00, 0x00, 0x3C, 0x00, 0x00,
  0x0F, 0x00, 0x00, 0x03, 0xC0, 0x00, 0x00, 0xF0, 0x00, 0x00, 0x3C, 0x00,
  0x00, 0x0F, 0x00, 0x00, 0x03, 0xC0, 0x00, 0x00, 0xF0, 0x00, 0x00, 0x3C,
  0x00, 0x00, 0x0F, 0x00, 0x00, 0x03, 0xC0, 0x00, 0x00, 0xF0, 0x00, 0x00,
  0x3C, 0x00, 0x00, 0x0F, 0x00, 0x00, 0x03, 0xC0, 0x00, 0x00, 0xF0, 0x00,
  0x00, 0x3C, 0x00, 0x00, 0x0F, 0x00, 0x00, 0x03, 0xFF, 0xFF, 0xFF, 0xFF,
  0xFF, 0xFF, 0xF0, 0xFF, 0xFF, 0xFF, 0xFF, 0xFF, 0xFF, 0xFC, 0x00, 0x00,
  0x0F, 0x00, 0x00, 0x03, 0xC0, 0x00, 0x00, 0xF0, 0x00, 0x00, 0x3C, 0x00,
  0x00, 0x0F, 0x00, 0x00, 0x03, 0xC0, 0x00, 0x00, 0xF0, 0x00, 0x00, 0x3C,
  0x00, 0x00, 0x0F, 0x00, 0x00, 0x03, 0xC0, 0x00, 0x00, 0xF0, 0x00, 0x00,
  0x3C, 0x00, 0x00, 0x0F, 0x00, 0x00, 0x03, 0xC0, 0x00, 0x00, 0xF0, 0x00,
  0x00, 0x3C, 0x00, 0x00, 0x0F, 0x00, 0x00, 0x03, 0xC0, 0x00, 0x00, 0xF0,
  0x00, 0x00, 0x3C, 0x00, 0x00, 0x0F, 0x00, 0x00, 0x03, 0xFF, 0xFF, 0xFF,
  0xFF, 0xFF, 0xFF, 0xF0, 0xFF, 0xFF, 0xFF, 0xFF, 0xFF, 0xFF, 0xFC, 0x00,
  0x00, 0x0F, 0x00, 0x00, 0x03, 0xC0, 0x00, 0x00, 0xF0, 0x00, 0x00, 0x3C,
  0x00, 0x00, 0x0F, 0x00, 0x00, 0x03, 0xC0, 0x00, 0x00, 0xF0, 0x00, 0x00,
  0x3C, 0x00, 0x00, 0x0F, 0x00, 0x00, 0x03, 0xC0, 0x00, 0x00, 0xF0, 0x00,
  0x00, 0x3C, 0x00, 0x00, 0x0F, 0x00, 0x00, 0x03, 0xC0, 0x00, 0x00, 0xF0,
  0x00, 0x00, 0x3C, 0x00, 0x00, 0x0F, 0x00, 0x00, 0x03, 0xC0, 0x00, 0x00,
  0xF0, 0x00, 0x00, 0x3C, 0x00, 0x00, 0x0F, 0x00, 0x00, 0x03, 0xFF, 0xFF,
  0xFF, 0xFF, 0xFF, 0xFF, 0xF0, 0xFF, 0xFF, 0xFF, 0xFF, 0xFF, 0xFF, 0xFC,
  0x00, 0x00, 0x0F, 0x00, 0x00, 0x03, 0xC0, 0x00, 0x00, 0xF0, 0x00, 0x00,
  0x3C, 0x00, 0x00, 0x0F, 0x00, 0x00, 0x03, 0xC0, 0x00, 0x00, 0xF0, 0x00,
  0x00, 0x3C, 0x00, 0x00, 0x0F, 0x00, 0x00, 0x03, 0xC0, 0x00, 0x00, 0xF0,
  0x00, 0x00, 0x3C, 0x00, 0x00, 0x0F, 0x00, 0x00, 0x03, 0xC0, 0x00, 0x00,
  0xF0, 0x00, 0x00, 0x3C, 0x00, 0x00, 0x0F, 0x00, 0x00, 0x03, 0xC0, 0x00,
  0x00, 0xF0, 0x00, 0x00, 0x3C, 0x00, 0x00, 0x0F, 0x00, 0x00, 0x03, 0xFF,
  0xFF, 0xFF, 0xFF, 0xFF, 0xFF, 0xF0, 0xFF, 0xFF, 0xFF, 0xFF, 0xFF, 0xFF,
  0xFC, 0x00, 0x00, 0x0F, 0x00, 0x00, 0x03, 0xC0, 0x00, 0x00, 0xF0, 0x00,
  0x00, 0x3C, 0x00, 0x00, 0x0F, 0x00, 0x00, 0x03, 0xC0, 0x00, 0x00, 0xF0,
  0x00, 0x00, 0x3C, 0x00, 0x00, 0x0F, 0x00, 0x00, 0x03, 0xC0, 0x00, 0x00,
  0xF0, 0x00, 0x00, 0x3C, 0x00, 0x00, 0x0F, 0x00, 0x00, 0x03, 0xC0, 0x00,
  0x00, 0xF0, 0x00, 0x00, 0x3C, 0x00, 0x00, 0x0F, 0x00, 0x00, 0x03, 0xC0,
  0x00, 0x00, 0xF0, 0x00, 0x00, 0x3C, 0x00, 0x00, 0x0F, 0x00, 0x00, 0x03,
  0xFF, 0xFF, 0xFF, 0xFF, 0xFF, 0xFF, 0xF0, 0xFF, 0xFF, 0xFF, 0xFF, 0xFF,
  0xFF, 0xFC, 0x00, 0x00, 0x0F, 0x00, 0x00, 0x03, 0xC0, 0x00, 0x00, 0xF0,
  0x00, 0x00, 0x3C, 0x00, 0x00, 0x0F, 0x00, 0x00, 0x03, 0xC0, 0x00, 0x00,
  0xF0, 0x00, 0x00, 0x3C, 0x00, 0x00, 0x0F, 0x00, 0x00, 0x03, 0xC0, 0x00,
  0x00, 0xF0, 0x00, 0x00, 0x3C, 0x00, 0x00, 0x0F, 0x00, 0x00, 0x03, 0xC0,
  0x00, 0x00, 0xF0, 0x00, 0x00, 0x3C, 0x00, 0x00, 0x0F, 0x00, 0x00, 0x03,
  0xC0, 0x00, 0x00, 0xF0, 0x00, 0x00, 0x3C, 0x00, 0x00, 0x0F, 0x00, 0x00,
  0x03, 0xFF, 0xFF, 0xFF, 0xFF, 0xFF, 0xFF, 0xF0, 0xFF, 0xFF, 0xFF, 0xFF,
  0xFF, 0xFF, 0xFC, 0x00, 0x00, 0x0F, 0x00, 0x00, 0x03, 0xC0, 0x00, 0x00,
  0xF0, 0x00, 0x00, 0x3C, 0x00, 0x00, 0x0F, 0x00, 0x00, 0x03, 0xC0, 0x00,
  0x00, 0xF0, 0x00, 0x00, 0x3C, 0x00, 0x00, 0x0F, 0x00, 0x00, 0x03, 0xC0,
  0x00, 0x00, 0xF0, 0x00, 0x00, 0x3C, 0x00, 0x00, 0x0F, 0x00, 0x00, 0x03,
  0xC0, 0x00, 0x00, 0xF0, 0x00, 0x00, 0x3C, 0x00, 0x00, 0x0F, 0x00, 0x00,
  0x03, 0xC0, 0x00, 0x00, 0xF0, 0x00, 0x00, 0x3C, 0x00, 0x00, 0x0F, 0x00,
  0x00, 0x03, 0xFF, 0xFF, 0xFF, 0xFF, 0xFF, 0xFF, 0xF0, 0xFF, 0xFF, 0xFF,
  0xFF, 0xFF, 0xFF, 0xFC, 0x00, 0x00, 0x0F, 0x00, 0x00, 0x03, 0xC0, 0x00,
  0x00, 0xF0, 0x00, 0x00, 0x3C, 0x00, 0x00, 0x0F, 0x00, 0x00, 0x03, 0xC0,
  0x00, 0x00, 0xF0, 0x00, 0x00, 0x3C, 0x00, 0x00, 0x0F, 0x00, 0x00, 0x03,
  0xC0, 0x00, 0x00, 0xF0, 0x00, 0x00, 0x3C, 0x00, 0x00, 0x0F, 0x00, 0x00,
  0x03, 0xC0, 0x00, 0x00, 0xF0, 0x00, 0x00, 0x3C, 0x00, 0x00, 0x0F, 0x00,
  0x00, 0x03, 0xC0, 0x00, 0x00, 0xF0, 0x00, 0x00, 0x3C, 0x00, 0x00, 0x0F,
  0x00, 0x00, 0x03, 0xFF, 0xFF, 0xFF, 0xFF, 0xFF, 0xFF, 0xF0, 0xFF, 0xFF,
  0xFF, 0xFF, 0xFF, 0xFF, 0xFC, 0x00, 0x00, 0x0F, 0x00, 0x00, 0x03, 0xC0,
  0x00, 0x00, 0xF0, 0x00, 0x00, 0x3C, 0x00, 0x00, 0x0F, 0x00, 0x00, 0x03,
  0xC0, 0x00, 0x00, 0xF0, 0x00, 0x00, 0x3C, 0x00, 0x00, 0x0F, 0x00, 0x00,
  0x03, 0xC0, 0x00, 0x00, 0xF0, 0x00, 0x00, 0x3C, 0x00, 0x00, 0x0F, 0x00,
  0x00, 0x03, 0xC0, 0x00, 0x00, 0xF0, 0x00, 0x00, 0x3C, 0x00, 0x00, 0x0F,
  0x00, 0x00, 0x03, 0xC0, 0x00, 0x00, 0xF0, 0x00, 0x00, 0x3C, 0x00, 0x00,
  0x0F, 0x00, 0x00, 0x03, 0xFF, 0xFF, 0xFF, 0xFF, 0xFF, 0xFF, 0xF0, 0xFF,
  0xFF, 0xFF, 0xFF, 0xFF, 0xFF, 0xFC, 0x00, 0x00, 0x0F, 0x00, 0x00, 0x03,
  0xC0, 0x00, 0x00, 0xF0, 0x00, 0x00, 0x3C, 0x00, 0x00, 0x0F, 0x00, 0x00,
  0x03, 0xC0, 0x00, 0x00, 0xF0, 0x00, 0x00, 0x3C, 0x00, 0x00, 0x0F, 0x00,
  0x00, 0x03, 0xC0, 0x00, 0x00, 0xF0, 0x00, 0x00, 0x3C, 0x00, 0x00, 0x0F,
  0x00, 0x00, 0x03, 0xC0, 0x00, 0x00, 0xF0, 0x00, 0x00, 0x3C, 0x00, 0x00,
  0x0F, 0x00, 0x00, 0x03, 0xC0, 0x00, 0x00, 0xF0, 0x00, 0x00, 0x3C, 0x00,
  0x00, 0x0F, 0x00, 0x00, 0x03, 0xFF, 0xFF, 0xFF, 0xFF, 0xFF, 0xFF, 0xF0,
  0xFF, 0xFF, 0xFF, 0xFF, 0xFF, 0xFF, 0xFC, 0x00, 0x00, 0x0F, 0x00, 0x00,
  0x03, 0xC0, 0x00, 0x00, 0xF0, 0x00, 0x00, 0x3C, 0x00, 0x00, 0x0F, 0x00,
  0x00, 0x03, 0xC0, 0x00, 0x00, 0xF0, 0x00, 0x00, 0x3C, 0x00, 0x00, 0x0F,
  0x00, 0x00, 0x03, 0xC0, 0x00, 0x00, 0xF0, 0x00, 0x00, 0x3C, 0x00, 0x00,
  0x0F, 0x00, 0x00, 0x03, 0xC0, 0x00, 0x00, 0xF0, 0x00, 0x00, 0x3C, 0x00,
  0x00, 0x0F, 0x00, 0x00, 0x03, 0xC0, 0x00, 0x00, 0xF0, 0x00, 0x00, 0x3C,
  0x00, 0x00, 0x0F, 0x00, 0x00, 0x03, 0xFF, 0xFF, 0xFF, 0xFF, 0xFF, 0xFF,
  0xF0, 0xFF, 0xFF, 0xFF, 0xFF, 0xFF, 0xFF, 0xFC, 0x00, 0x00, 0x0F, 0x00,
  0x00, 0x03, 0xC0, 0x00, 0x00, 0xF0, 0x00, 0x00, 0x3C, 0x00, 0x00, 0x0F,
  0x00, 0x00, 0x03, 0xC0, 0x00, 0x00, 0xF0, 0x00, 0x00, 0x3C, 0x00, 0x00,
  0x0F, 0x00, 0x00, 0x03, 0xC0, 0x00, 0x00, 0xF0, 0x00, 0x00, 0x3C, 0x00,
  0x00, 0x0F, 0x00, 0x00, 0x03, 0xC0, 0x00, 0x00, 0xF0, 0x00, 0x00, 0x3C,
  0x00, 0x00, 0x0F, 0x00, 0x00, 0x03, 0xC0, 0x00, 0x00, 0xF0, 0x00, 0x00,
  0x3C, 0x00, 0x00, 0x0F, 0x00, 0x00, 0x03, 0xFF, 0xFF, 0xFF, 0xFF, 0xFF,
  0xFF, 0xF0, 0xFF, 0xFF, 0xFF, 0xFF, 0xFF, 0xFF, 0xFC, 0x00, 0x00, 0x0F,
  0x00, 0x00, 0x03, 0xC0, 0x00, 0x00, 0xF0, 0x00, 0x00, 0x3C, 0x00, 0x00,
  0x0F, 0x00, 0x00, 0x03, 0xC0, 0x00, 0x00, 0xF0, 0x00, 0x00, 0x3C, 0x00,
  0x00, 0x0F, 0x00, 0x00, 0x03, 0xC0, 0x00, 0x00, 0xF0, 0x00, 0x00, 0x3C,
  0x00, 0x00, 0x0F, 0x00, 0x00, 0x03, 0xC0, 0x00, 0x00, 0xF0, 0x00, 0x00,
  0x3C, 0x00, 0x00, 0x0F, 0x00, 0x00, 0x03, 0xC0, 0x00, 0x00, 0xF0, 0x00,
  0x00, 0x3C, 0x00, 0x00, 0x0F, 0x00, 0x00, 0x03, 0xFF, 0xFF, 0xFF, 0xFF,
  0xFF, 0xFF, 0xF0, 0xFF, 0xFF, 0xFF, 0xFF, 0xFF, 0xFF, 0xFC, 0x00, 0x00,
  0x0F, 0x00, 0x00, 0x03, 0xC0, 0x00, 0x00, 0xF0, 0x00, 0x00, 0x3C, 0x00,
  0x00, 0x0F, 0x00, 0x00, 0x03, 0xC0, 0x00, 0x00, 0xF0, 0x00, 0x00, 0x3C,
  0x00, 0x00, 0x0F, 0x00, 0x00, 0x03, 0xC0, 0x00, 0x00, 0xF0, 0x00, 0x00,
  0x3C, 0x00, 0x00, 0x0F, 0x00, 0x00, 0x03, 0xC0, 0x00, 0x00, 0xF0, 0x00,
  0x00, 0x3C, 0x00, 0x00, 0x0F, 0x00, 0x00, 0x03, 0xC0, 0x00, 0x00, 0xF0,
  0x00, 0x00, 0x3C, 0x00, 0x00, 0x0F, 0x00, 0x00, 0x03, 0xFF, 0xFF, 0xFF,
  0xFF, 0xFF, 0xFF, 0xF0, 0xFF, 0xFF, 0xFF, 0xFF, 0xFF, 0xFF, 0xFC, 0x00,
  0x00, 0x0F, 0x00, 0x00, 0x03, 0xC0, 0x00, 0x00, 0xF0, 0x00, 0x00, 0x3C,
  0x00, 0x00, 0x0F, 0x00, 0x00, 0x03, 0xC0, 0x00, 0x00, 0xF0, 0x00, 0x00,
  0x3C, 0x00, 0x00, 0x0F, 0x00, 0x00, 0x03, 0xC0, 0x00, 0x00, 0xF0, 0x00,
  0x00, 0x3C, 0x00, 0x00, 0x0F, 0x00, 0x00, 0x03, 0xC0, 0x00, 0x00, 0xF0,
  0x00, 0x00, 0x3C, 0x00, 0x00, 0x0F, 0x00, 0x00, 0x03, 0xC0, 0x00, 0x00,
  0xF0, 0x00, 0x00, 0x3C, 0x00, 0x00, 0x0F, 0x00, 0x00, 0x03, 0xFF, 0xFF,
  0xFF, 0xFF, 0xFF, 0xFF, 0xF0, 0xFF, 0xFF, 0xFF, 0xFF, 0xFF, 0xFF, 0xFC,
  0x00, 0x00, 0x0F, 0x00, 0x00, 0x03, 0xC0, 0x00, 0x00, 0xF0, 0x00, 0x00,
  0x3C, 0x00, 0x00, 0x0F, 0x00, 0x00, 0x03, 0xC0, 0x00, 0x00, 0xF0, 0x00,
  0x00, 0x3C, 0x00, 0x00, 0x0F, 0x00, 0x00, 0x03, 0xC0, 0x00, 0x00, 0xF0,
  0x00, 0x00, 0x3C, 0x00, 0x00, 0x0F, 0x00, 0x00, 0x03, 0xC0, 0x00, 0x00,
  0xF0, 0x00, 0x00, 0x3C, 0x00, 0x00, 0x0F, 0x00, 0x00, 0x03, 0xC0, 0x00,
  0x00, 0xF0, 0x00, 0x00, 0x3C, 0x00, 0x00, 0x0F, 0x00, 0x00, 0x03, 0xFF,
  0xFF, 0xFF, 0xFF, 0xFF, 0xFF, 0xF0, 0xFF, 0xFF, 0xFF, 0xFF, 0xFF, 0xFF,
  0xFC, 0x00, 0x00, 0x0F, 0x00, 0x00, 0x03, 0xC0, 0x00, 0x00, 0xF0, 0x00,
  0x00, 0x3C, 0x00, 0x00, 0x0F, 0x00, 0x00, 0x03, 0xC0, 0x00, 0x00, 0xF0,
  0x00, 0x00, 0x3C, 0x00, 0x00, 0x0F, 0x00, 0x00, 0x03, 0xC0, 0x00, 0x00,
  0xF0, 0x00, 0x00, 0x3C, 0x00, 0x00, 0x0F, 0x00, 0x00, 0x03, 0xC0, 0x00,
  0x00, 0xF0, 0x00, 0x00, 0x3C, 0x00, 0x00, 0x0F, 0x00, 0x00, 0x03, 0xC0,
  0x00, 0x00, 0xF0, 0x00, 0x00, 0x3C, 0x00, 0x00, 0x0F, 0x00, 0x00, 0x03,
  0xFF, 0xFF, 0xFF, 0xFF, 0xFF, 0xFF, 0xF0, 0xFF, 0xFF, 0xFF, 0xFF, 0xFF,
  0xFF, 0xFC, 0x00, 0x00, 0x0F, 0x00, 0x00, 0x03, 0xC0, 0x00, 0x00, 0xF0,
  0x00, 0x00, 0x3C, 0x00, 0x00, 0x0F, 0x00, 0x00, 0x03, 0xC0, 0x00, 0x00,
  0xF0, 0x00, 0x00, 0x3C, 0x00, 0x00, 0x0F, 0x00, 0x00, 0x03, 0xC0, 0x00,
  0x00, 0xF0, 0x00, 0x00, 0x3C, 0x00, 0x00, 0x0F, 0x00, 0x00, 0x03, 0xC0,
  0x00, 0x00, 0xF0, 0x00, 0x00, 0x3C, 0x00, 0x00, 0x0F, 0x00, 0x00, 0x03,
  0xC0, 0x00, 0x00, 0xF0, 0x00, 0x00, 0x3C, 0x00, 0x00, 0x0F, 0x00, 0x00,
  0x03, 0xFF, 0xFF, 0xFF, 0xFF, 0xFF, 0xFF, 0xF0, 0x00, 0xFF, 0xFF, 0xFF,
  0xFF, 0xFF, 0xFF, 0xFC, 0x01, 0xFF, 0xE0, 0xE3, 0xF1, 0xF8, 0xFC, 0x7E,
  0x3F, 0x1F, 0x8F, 0xC7, 0x61, 0xA0, 0x80, 0x00, 0x60, 0xC0, 0x03, 0x06,
  0x00, 0x30, 0x60, 0x01, 0x83, 0x00, 0x0C, 0x18, 0x00, 0x60, 0xC0, 0x07,
  0x0C, 0x07, 0xFF, 0xFF, 0x3F, 0xFF, 0xF8, 0x0C, 0x18, 0x00, 0xE1, 0x80,
  0x06, 0x0C, 0x00, 0x30, 0x60, 0x01, 0x83, 0x00, 0x0C, 0x38, 0x00, 0xC1,
  0x80, 0xFF, 0xFF, 0xE7, 0xFF, 0xFF, 0x01, 0x87, 0x00, 0x18, 0x30, 0x00,
  0xC1, 0x80, 0x06, 0x0C, 0x00, 0x30, 0x60, 0x03, 0x06, 0x00, 0x18, 0x30,
  0x00, 0x01, 0x80, 0x03, 0x00, 0x06, 0x00, 0x0C, 0x00, 0x18, 0x00, 0xFE,
  0x07, 0xFF, 0x3F, 0xFE, 0x79, 0x9D, 0xC3, 0x0B, 0x86, 0x07, 0x0C, 0x0E,
  0x18, 0x1F, 0x30, 0x1F, 0xE0, 0x1F, 0xF8, 0x0F, 0xFC, 0x03, 0xF8, 0x06,
  0x78, 0x0C, 0x70, 0x18, 0xE0, 0x31, 0xE0, 0x63, 0xF8, 0xCE, 0xFF, 0xF9,
  0xFF, 0xF0, 0x7F, 0x80, 0x0C, 0x00, 0x18, 0x00, 0x30, 0x00, 0x60, 0x00,
  0xC0, 0x01, 0x80, 0x1F, 0x80, 0x00, 0x00, 0x7F, 0x80, 0x0E, 0x01, 0xC3,
  0x80, 0x38, 0x03, 0x87, 0x00, 0x70, 0x0E, 0x07, 0x01, 0xC0, 0x1C, 0x0E,
  0x07, 0x00, 0x38, 0x1C, 0x0E, 0x00, 0x70, 0x38, 0x38, 0x00, 0xE0, 0x70,
  0x70, 0x01, 0xC0, 0xE1, 0xC0, 0x03, 0x81, 0xC3, 0x80, 0x03, 0x87, 0x0E,
  0x1F, 0x87, 0x0E, 0x1C, 0x7F, 0x87, 0xF8, 0x71, 0xC3, 0x87, 0xE1, 0xC3,
  0x87, 0x00, 0x03, 0x8E, 0x07, 0x00, 0x0E, 0x1C, 0x0E, 0x00, 0x1C, 0x38,
  0x1C, 0x00, 0x70, 0x70, 0x38, 0x00, 0xE0, 0xE0, 0x70, 0x03, 0x81, 0xC0,
  0xE0, 0x07, 0x03, 0x81, 0xC0, 0x1C, 0x03, 0x87, 0x00, 0x70, 0x07, 0x0E,
  0x00, 0xE0, 0x07, 0xF8, 0x03, 0x80, 0x07, 0xE0, 0x07, 0xE0, 0x00, 0x1F,
  0xF8, 0x00, 0x3F, 0xFC, 0x00, 0x3C, 0x3E, 0x00, 0x78, 0x1E, 0x00, 0x70,
  0x0E, 0x00, 0x70, 0x0E, 0x00, 0x70, 0x0E, 0x00, 0x78, 0x1C, 0x00, 0x3C,
  0x38, 0x00, 0x1F, 0xF0, 0x70, 0x0F, 0x80, 0x70, 0x1F, 0xC0, 0x70, 0x39,
  0xE0, 0x70, 0x70, 0xF0, 0x70, 0x70, 0x78, 0x60, 0xE0, 0x3C, 0xE0, 0xE0,
  0x1E, 0xE0, 0xE0, 0x0F, 0xC0, 0xE0, 0x07, 0xC0, 0xE0, 0x03, 0xC0, 0xF0,
  0x03, 0xE0, 0x7C, 0x0F, 0xF0, 0x3F, 0xFE, 0x78, 0x1F, 0xF8, 0x3C, 0x07,
  0xE0, 0x1F, 0xFF, 0xFF, 0xFF, 0xE8, 0x03, 0xC1, 0xE0, 0xF0, 0x38, 0x1C,
  0x07, 0x03, 0x80, 0xE0, 0x78, 0x1C, 0x07, 0x03, 0xC0, 0xE0, 0x38, 0x0E,
  0x03, 0x80, 0xE0, 0x38, 0x0E, 0x03, 0x80, 0xE0, 0x38, 0x0F, 0x01, 0xC0,
  0x70, 0x1E, 0x03, 0x80, 0xE0, 0x1C, 0x07, 0x80, 0xE0, 0x3C, 0x07, 0x80,
  0xF0, 0xF0, 0x1E, 0x03, 0xC0, 0x70, 0x1E, 0x03, 0x80, 0x70, 0x1C, 0x07,
  0x80, 0xE0, 0x38, 0x0E, 0x01, 0xC0, 0x70, 0x1C, 0x07, 0x01, 0xC0, 0x70,
  0x1C, 0x07, 0x01, 0xC0, 0x70, 0x38, 0x0E, 0x03, 0x81, 0xE0, 0x70, 0x1C,
  0x0E, 0x07, 0x81, 0xC0, 0xF0, 0x78, 0x3C, 0x00, 0x01, 0x80, 0x01, 0x80,
  0x41, 0x82, 0xE1, 0x87, 0x79, 0x9E, 0x3D, 0xBC, 0x0F, 0xF0, 0x03, 0xC0,
  0x07, 0xE0, 0x1F, 0xF8, 0x7D, 0xBE, 0xF1, 0x8F, 0x41, 0x82, 0x01, 0x80,
  0x01, 0x80, 0x01, 0x80, 0x00, 0x70, 0x00, 0x03, 0x80, 0x00, 0x1C, 0x00,
  0x00, 0xE0, 0x00, 0x07, 0x00, 0x00, 0x38, 0x00, 0x01, 0xC0, 0x00, 0x0E,
  0x00, 0x00, 0x70, 0x07, 0xFF, 0xFF, 0xFF, 0xFF, 0xFF, 0xFF, 0xFF, 0xF0,
  0x07, 0x00, 0x00, 0x38, 0x00, 0x01, 0xC0, 0x00, 0x0E, 0x00, 0x00, 0x70,
  0x00, 0x03, 0x80, 0x00, 0x1C, 0x00, 0x00, 0xE0, 0x00, 0x07, 0x00, 0x00,
  0x1E, 0x78, 0xF1, 0xE3, 0x8F, 0x1C, 0x38, 0x61, 0xC3, 0x80, 0xFF, 0xFF,
  0xFF, 0xFC, 0xFF, 0xFF, 0xF0, 0x00, 0x38, 0x01, 0xC0, 0x1C, 0x00, 0xE0,
  0x07, 0x00, 0x70, 0x03, 0x80, 0x1C, 0x01, 0xC0, 0x0E, 0x00, 0x70, 0x07,
  0x80, 0x38, 0x01, 0xC0, 0x0E, 0x00, 0xE0, 0x07, 0x00, 0x38, 0x03, 0x80,
  0x1C, 0x00, 0xE0, 0x0F, 0x00, 0x70, 0x03, 0x80, 0x1C, 0x01, 0xC0, 0x0E,
  0x00, 0x70, 0x07, 0x00, 0x38, 0x01, 0xC0, 0x1C, 0x00, 0xE0, 0x00, 0x07,
  0xE0, 0x1F, 0xF8, 0x3F, 0xFC, 0x3C, 0x3C, 0x78, 0x1E, 0x70, 0x0E, 0x70,
  0x0E, 0xE0, 0x07, 0xE0, 0x07, 0xE0, 0x07, 0xE0, 0x07, 0xE0, 0x07, 0xE0,
  0x07, 0xE0, 0x07, 0xE0, 0x07, 0xE0, 0x07, 0xE0, 0x07, 0xE0, 0x07, 0xE0,
  0x07, 0x70, 0x0E, 0x70, 0x0E, 0x78, 0x1E, 0x3C, 0x3C, 0x3F, 0xFC, 0x1F,
  0xF8, 0x07, 0xE0, 0x03, 0x00, 0x38, 0x01, 0xC0, 0x3E, 0x0F, 0xF0, 0x7F,
  0x83, 0xFC, 0x00, 0xE0, 0x07, 0x00, 0x38, 0x01, 0xC0, 0x0E, 0x00, 0x70,
  0x03, 0x80, 0x1C, 0x00, 0xE0, 0x07, 0x00, 0x38, 0x01, 0xC0, 0x0E, 0x00,
  0x70, 0x03, 0x83, 0xFF, 0xFF, 0xFF, 0xFF, 0xF8, 0x0F, 0xE0, 0x7F, 0xF8,
  0x7F, 0xFC, 0x78, 0x3C, 0x40, 0x1E, 0x00, 0x0E, 0x00, 0x0E, 0x00, 0x0E,
  0x00, 0x0E, 0x00, 0x0E, 0x00, 0x1C, 0x00, 0x1C, 0x00, 0x38, 0x00, 0x78,
  0x00, 0xF0, 0x01, 0xE0, 0x03, 0xC0, 0x07, 0x80, 0x0F, 0x00, 0x1E, 0x00,
  0x3C, 0x00, 0x78, 0x00, 0xF0, 0x00, 0xFF, 0xFF, 0xFF, 0xFF, 0xFF, 0xFF,
  0x0F, 0xE0, 0xFF, 0xF1, 0xFF, 0xF3, 0xC1, 0xE4, 0x01, 0xE0, 0x01, 0xC0,
  0x03, 0x80, 0x07, 0x00, 0x0C, 0x00, 0x38, 0x01, 0xE0, 0x3F, 0x80, 0x7E,
  0x00, 0xFF, 0x00, 0x0F, 0x00, 0x0E, 0x00, 0x0E, 0x00, 0x1C, 0x00, 0x38,
  0x00, 0x70, 0x01, 0xF0, 0x03, 0xBC, 0x1F, 0x7F, 0xFC, 0xFF, 0xF0, 0x3F,
  0x80, 0x00, 0x0E, 0x00, 0x07, 0x80, 0x03, 0xE0, 0x01, 0xF8, 0x00, 0xEE,
  0x00, 0x73, 0x80, 0x38, 0xE0, 0x1C, 0x38, 0x0E, 0x0E, 0x07, 0x03, 0x83,
  0x80, 0xE1, 0xC0, 0x38, 0xE0, 0x0E, 0x3F, 0xFF, 0xFF, 0xFF, 0xFF, 0xFF,
  0xFF, 0x00, 0x0E, 0x00, 0x03, 0x80, 0x00, 0xE0, 0x00, 0x38, 0x00, 0x0E,
  0x00, 0x03, 0x80, 0x00, 0xE0, 0x00, 0x38, 0x00, 0x0E, 0x00, 0x7F, 0xFE,
  0xFF, 0xFD, 0xFF, 0xFB, 0x80, 0x07, 0x00, 0x0E, 0x00, 0x1C, 0x00, 0x38,
  0x00, 0x70, 0x00, 0xFF, 0x81, 0xFF, 0xC3, 0xFF, 0xC6, 0x07, 0xC0, 0x03,
  0xC0, 0x03, 0x80, 0x07, 0x00, 0x0E, 0x00, 0x1C, 0x00, 0x38, 0x00, 0xF8,
  0x01, 0xDE, 0x0F, 0xBF, 0xFE, 0x7F, 0xF8, 0x1F, 0xC0, 0x00, 0xFE, 0x01,
  0xFF, 0x03, 0xFF, 0x83, 0xE0, 0x41, 0xC0, 0x01, 0xC0, 0x01, 0xC0, 0x00,
  0xE0, 0x00, 0x60, 0x00, 0x71, 0xF8, 0x3B, 0xFF, 0x1F, 0xFF, 0xCF, 0x81,
  0xF7, 0x00, 0x3B, 0x80, 0x1F, 0xC0, 0x07, 0xE0, 0x03, 0xF0, 0x01, 0xF8,
  0x00, 0xEE, 0x00, 0x77, 0x00, 0x73, 0xC0, 0x38, 0xF0, 0x78, 0x3F, 0xFC,
  0x0F, 0xFC, 0x01, 0xF8, 0x00, 0xFF, 0xFF, 0xFF, 0xFF, 0xFF, 0xFF, 0x00,
  0x07, 0x00, 0x07, 0x00, 0x0E, 0x00, 0x1C, 0x00, 0x1C, 0x00, 0x38, 0x00,
  0x38, 0x00, 0x70, 0x00, 0x70, 0x00, 0xE0, 0x01, 0xE0, 0x01, 0xC0, 0x03,
  0x80, 0x03, 0x80, 0x07, 0x00, 0x07, 0x00, 0x0E, 0x00, 0x0E, 0x00, 0x1C,
  0x00, 0x38, 0x00, 0x38, 0x00, 0x70, 0x00, 0x07, 0xF0, 0x07, 0xFE, 0x0F,
  0xFF, 0x87, 0x83, 0xC7, 0x80, 0xF3, 0x80, 0x39, 0xC0, 0x1C, 0xE0, 0x0E,
  0x78, 0x07, 0x1E, 0x07, 0x07, 0xC7, 0x01, 0xFF, 0x00, 0xFF, 0x80, 0xE7,
  0xE0, 0xE0, 0x7C, 0xE0, 0x1E, 0xE0, 0x07, 0xF0, 0x01, 0xF8, 0x00, 0xFC,
  0x00, 0x7F, 0x00, 0x3B, 0x80, 0x39, 0xF0, 0x7C, 0x7F, 0xFC, 0x1F, 0xFC,
  0x03, 0xF8, 0x00, 0x07, 0xE0, 0x0F, 0xFC, 0x0F, 0xFF, 0x0F, 0x83, 0xC7,
  0x00, 0xF7, 0x80, 0x3B, 0x80, 0x1D, 0xC0, 0x07, 0xE0, 0x03, 0xF0, 0x01,
  0xF8, 0x00, 0xFE, 0x00, 0x77, 0xC0, 0xF9, 0xFF, 0xFC, 0x7F, 0xFE, 0x0F,
  0xE7, 0x00, 0x03, 0x00, 0x03, 0x80, 0x01, 0xC0, 0x01, 0xE0, 0x00, 0xE0,
  0x00, 0xE0, 0x81, 0xF0, 0x7F, 0xF0, 0x3F, 0xE0, 0x1F, 0xC0, 0x00, 0xFF,
  0xFF, 0xF0, 0x00, 0x00, 0x00, 0x00, 0xFF, 0xFF, 0xF0, 0x3C, 0x78, 0xF1,
  0xE3, 0xC0, 0x00, 0x00, 0x00, 0x00, 0x00, 0x00, 0x00, 0x07, 0x9E, 0x3C,
  0x78, 0xE3, 0xC7, 0x0E, 0x18, 0x70, 0xE0, 0x00, 0x00, 0x40, 0x00, 0x70,
  0x00, 0x7C, 0x00, 0xFE, 0x00, 0xFE, 0x00, 0xFE, 0x00, 0xFC, 0x00, 0xFC,
  0x00, 0xFC, 0x00, 0x3C, 0x00, 0x0F, 0xC0, 0x00, 0xFC, 0x00, 0x0F, 0xC0,
  0x00, 0xFE, 0x00, 0x0F, 0xE0, 0x00, 0xFE, 0x00, 0x07, 0xC0, 0x00, 0x70,
  0x00, 0x04, 0xFF, 0xFF, 0xFF, 0xFF, 0xFF, 0xFF, 0xFF, 0x80, 0x00, 0x00,
  0x00, 0x00, 0x00, 0x00, 0x00, 0x00, 0x07, 0xFF, 0xFF, 0xFF, 0xFF, 0xFF,
  0xFF, 0xFC, 0x80, 0x00, 0x38, 0x00, 0x0F, 0x80, 0x01, 0xFC, 0x00, 0x1F,
  0xC0, 0x01, 0xFC, 0x00, 0x0F, 0xC0, 0x00, 0xFC, 0x00, 0x0F, 0xC0, 0x00,
  0xF0, 0x00, 0xFC, 0x00, 0xFC, 0x00, 0xFC, 0x01, 0xFC, 0x01, 0xFC, 0x01,
  0xFC, 0x00, 0xF8, 0x00, 0x38, 0x00, 0x08, 0x00, 0x00, 0x3F, 0xC3, 0xFF,
  0xCF, 0xFF, 0xB8, 0x1E, 0x80, 0x3C, 0x00, 0x70, 0x01, 0xC0, 0x07, 0x00,
  0x1C, 0x00, 0xE0, 0x07, 0x80, 0x3C, 0x03, 0xE0, 0x1F, 0x00, 0xF0, 0x03,
  0x80, 0x0E, 0x00, 0x38, 0x00, 0xE0, 0x00, 0x00, 0x00, 0x00, 0x00, 0x00,
  0xE0, 0x03, 0x80, 0x0E, 0x00, 0x38, 0x00, 0x00, 0x3F, 0xE0, 0x00, 0x0F,
  0xFF, 0x80, 0x03, 0xE0, 0x3E, 0x00, 0x70, 0x00, 0xF0, 0x0E, 0x00, 0x03,
  0x81, 0xC0, 0x00, 0x18, 0x38, 0x00, 0x00, 0xC3, 0x01, 0xF7, 0x0E, 0x70,
  0x7F, 0xF0, 0x66, 0x0E, 0x0F, 0x06, 0x61, 0xC0, 0x70, 0x7C, 0x1C, 0x07,
  0x03, 0xC3, 0x80, 0x70, 0x3C, 0x38, 0x07, 0x03, 0xC3, 0x80, 0x70, 0x3C,
  0x38, 0x07, 0x03, 0xC3, 0x80, 0x70, 0x3C, 0x38, 0x07, 0x03, 0xC3, 0x80,
  0x70, 0x36, 0x3C, 0x07, 0x06, 0x61, 0xE1, 0xF0, 0x66, 0x1F, 0xFF, 0x06,
  0x30, 0xFF, 0x7F, 0xC3, 0x83, 0xE7, 0xFC, 0x18, 0x00, 0x00, 0x00, 0xC0,
  0x00, 0x00, 0x07, 0x00, 0x00, 0x00, 0x3C, 0x03, 0x00, 0x01, 0xFF, 0xF0,
  0x00, 0x03, 0xFE, 0x00, 0x00, 0xF8, 0x00, 0x07, 0xC0, 0x00, 0x3E, 0x00,
  0x03, 0xB8, 0x00, 0x1D, 0xC0, 0x00, 0xEE, 0x00, 0x0E, 0x38, 0x00, 0x71,
  0xC0, 0x03, 0x8E, 0x00, 0x38, 0x38, 0x01, 0xC1, 0xC0, 0x0E, 0x0E, 0x00,
  0xE0, 0x38, 0x07, 0x01, 0xC0, 0x38, 0x0E, 0x03, 0xFF, 0xF8, 0x1F, 0xFF,
  0xC0, 0xFF, 0xFE, 0x0E, 0x00, 0x38, 0x70, 0x01, 0xC3, 0x80, 0x0E, 0x38,
  0x00, 0x39, 0xC0, 0x01, 0xDE, 0x00, 0x0E, 0xE0, 0x00, 0x38, 0xFF, 0xF0,
  0x7F, 0xFE, 0x3F, 0xFF, 0x9C, 0x03, 0xEE, 0x00, 0x77, 0x00, 0x3B, 0x80,
  0x1D, 0xC0, 0x0E, 0xE0, 0x0E, 0x70, 0x0E, 0x3F, 0xFE, 0x1F, 0xFF, 0x8F,
  0xFF, 0xE7, 0x00, 0xFB, 0x80, 0x1F, 0xC0, 0x07, 0xE0, 0x03, 0xF0, 0x01,
  0xF8, 0x00, 0xFC, 0x00, 0x7E, 0x00, 0x77, 0x00, 0xFB, 0xFF, 0xF9, 0xFF,
  0xF8, 0xFF, 0xF0, 0x00, 0x00, 0xFE, 0x00, 0xFF, 0xF8, 0x3F, 0xFF, 0x8F,
  0x81, 0xF3, 0xC0, 0x06, 0x70, 0x00, 0x5E, 0x00, 0x03, 0x80, 0x00, 0x70,
  0x00, 0x1C, 0x00, 0x03, 0x80, 0x00, 0x70, 0x00, 0x0E, 0x00, 0x01, 0xC0,
  0x00, 0x38, 0x00, 0x07, 0x00, 0x00, 0xE0, 0x00, 0x1E, 0x00, 0x01, 0xC0,
  0x00, 0x3C, 0x00, 0x03, 0x80, 0x02, 0x78, 0x00, 0xC7, 0xC0, 0xF8, 0x7F,
  0xFF, 0x07, 0xFF, 0xC0, 0x1F, 0xC0, 0xFF, 0xE0, 0x0F, 0xFF, 0xC0, 0xFF,
  0xFF, 0x0E, 0x03, 0xF8, 0xE0, 0x07, 0xCE, 0x00, 0x3C, 0xE0, 0x01, 0xEE,
  0x00, 0x0E, 0xE0, 0x00, 0xFE, 0x00, 0x07, 0xE0, 0x00, 0x7E, 0x00, 0x07,
  0xE0, 0x00, 0x7E, 0x00, 0x07, 0xE0, 0x00, 0x7E, 0x00, 0x07, 0xE0, 0x00,
  0xEE, 0x00, 0x0E, 0xE0, 0x01, 0xEE, 0x00, 0x3C, 0xE0, 0x07, 0x8E, 0x01,
  0xF8, 0xFF, 0xFE, 0x0F, 0xFF, 0xC0, 0xFF, 0xE0, 0x00, 0xFF, 0xFF, 0xFF,
  0xFF, 0xFF, 0xFF, 0xE0, 0x00, 0xE0, 0x00, 0xE0, 0x00, 0xE0, 0x00, 0xE0,
  0x00, 0xE0, 0x00, 0xE0, 0x00, 0xFF, 0xFE, 0xFF, 0xFE, 0xFF, 0xFE, 0xE0,
  0x00, 0xE0, 0x00, 0xE0, 0x00, 0xE0, 0x00, 0xE0, 0x00, 0xE0, 0x00, 0xE0,
  0x00, 0xE0, 0x00, 0xE0, 0x00, 0xFF, 0xFF, 0xFF, 0xFF, 0xFF, 0xFF, 0xFF,
  0xFF, 0xFF, 0xFF, 0xFF, 0xFF, 0x00, 0x0E, 0x00, 0x1C, 0x00, 0x38, 0x00,
  0x70, 0x00, 0xE0, 0x01, 0xC0, 0x03, 0xFF, 0xFF, 0xFF, 0xFF, 0xFF, 0xFC,
  0x00, 0x38, 0x00, 0x70, 0x00, 0xE0, 0x01, 0xC0, 0x03, 0x80, 0x07, 0x00,
  0x0E, 0x00, 0x1C, 0x00, 0x38, 0x00, 0x70, 0x00, 0xE0, 0x00, 0x00, 0xFF,
  0x00, 0x3F, 0xFE, 0x0F, 0xFF, 0xF1, 0xF0, 0x1F, 0x3E, 0x00, 0x73, 0x80,
  0x01, 0x78, 0x00, 0x07, 0x00, 0x00, 0x70, 0x00, 0x0E, 0x00, 0x00, 0xE0,
  0x00, 0x0E, 0x00, 0x00, 0xE0, 0x00, 0x0E, 0x01, 0xFF, 0xE0, 0x1F, 0xFE,
  0x01, 0xFF, 0xE0, 0x00, 0x7F, 0x00, 0x07, 0x70, 0x00, 0x77, 0x80, 0x07,
  0x3C, 0x00, 0x73, 0xE0, 0x07, 0x1F, 0x80, 0xF0, 0xFF, 0xFF, 0x07, 0xFF,
  0xC0, 0x0F, 0xE0, 0xE0, 0x01, 0xF8, 0x00, 0x7E, 0x00, 0x1F, 0x80, 0x07,
  0xE0, 0x01, 0xF8, 0x00, 0x7E, 0x00, 0x1F, 0x80, 0x07, 0xE0, 0x01, 0xF8,
  0x00, 0x7F, 0xFF, 0xFF, 0xFF, 0xFF, 0xFF, 0xFF, 0xF8, 0x00, 0x7E, 0x00,
  0x1F, 0x80, 0x07, 0xE0, 0x01, 0xF8, 0x00, 0x7E, 0x00, 0x1F, 0x80, 0x07,
  0xE0, 0x01, 0xF8, 0x00, 0x7E, 0x00, 0x1F, 0x80, 0x07, 0xE0, 0x01, 0xC0,
  0xFF, 0xFF, 0xFF, 0xE3, 0x81, 0xC0, 0xE0, 0x70, 0x38, 0x1C, 0x0E, 0x07,
  0x03, 0x81, 0xC0, 0xE0, 0x70, 0x38, 0x1C, 0x0E, 0x07, 0x03, 0x81, 0xC0,
  0xE3, 0xFF, 0xFF, 0xFF, 0x80, 0x0F, 0xF8, 0x7F, 0xC3, 0xFE, 0x00, 0x70,
  0x03, 0x80, 0x1C, 0x00, 0xE0, 0x07, 0x00, 0x38, 0x01, 0xC0, 0x0E, 0x00,
  0x70, 0x03, 0x80, 0x1C, 0x00, 0xE0, 0x07, 0x00, 0x38, 0x01, 0xC0, 0x0E,
  0x00, 0x70, 0x07, 0xE0, 0x7B, 0xFF, 0xDF, 0xF8, 0xFF, 0x00, 0xE0, 0x07,
  0xDC, 0x01, 0xF3, 0x80, 0x7C, 0x70, 0x1F, 0x0E, 0x03, 0xC1, 0xC0, 0xF0,
  0x38, 0x3C, 0x07, 0x0F, 0x00, 0xE3, 0xC0, 0x1C, 0xF0, 0x03, 0xBC, 0x00,
  0x7F, 0x00, 0x0F, 0xF0, 0x01, 0xEF, 0x00, 0x38, 0xF0, 0x07, 0x0F, 0x00,
  0xE0, 0xF0, 0x1C, 0x0F, 0x03, 0x81, 0xE0, 0x70, 0x1E, 0x0E, 0x01, 0xE1,
  0xC0, 0x1E, 0x38, 0x01, 0xE7, 0x00, 0x1E, 0xE0, 0x01, 0xE0, 0xE0, 0x03,
  0x80, 0x0E, 0x00, 0x38, 0x00, 0xE0, 0x03, 0x80, 0x0E, 0x00, 0x38, 0x00,
  0xE0, 0x03, 0x80, 0x0E, 0x00, 0x38, 0x00, 0xE0, 0x03, 0x80, 0x0E, 0x00,
  0x38, 0x00, 0xE0, 0x03, 0x80, 0x0E, 0x00, 0x38, 0x00, 0xE0, 0x03, 0x80,
  0x0F, 0xFF, 0xFF, 0xFF, 0xFF, 0xFC, 0xF8, 0x00, 0xFF, 0xC0, 0x07, 0xFF,
  0x00, 0x3F, 0xF8, 0x03, 0xFF, 0xC0, 0x1F, 0xF7, 0x01, 0xDF, 0xB8, 0x0E,
  0xFC, 0xE0, 0xE7, 0xE7, 0x07, 0x3F, 0x1C, 0x31, 0xF8, 0xE3, 0x8F, 0xC3,
  0x98, 0x7E, 0x1D, 0xC3, 0xF0, 0xFE, 0x1F, 0x83, 0xE0, 0xFC, 0x1F, 0x07,
  0xE0, 0x70, 0x3F, 0x03, 0x81, 0xF8, 0x00, 0x0F, 0xC0, 0x00, 0x7E, 0x00,
  0x03, 0xF0, 0x00, 0x1F, 0x80, 0x00, 0xFC, 0x00, 0x07, 0xE0, 0x00, 0x38,
  0xF8, 0x03, 0xFC, 0x01, 0xFF, 0x00, 0xFF, 0x80, 0x7E, 0xE0, 0x3F, 0x70,
  0x1F, 0xBC, 0x0F, 0xCE, 0x07, 0xE7, 0x83, 0xF1, 0xC1, 0xF8, 0xF0, 0xFC,
  0x38, 0x7E, 0x1E, 0x3F, 0x07, 0x1F, 0x83, 0x8F, 0xC0, 0xE7, 0xE0, 0x73,
  0xF0, 0x1D, 0xF8, 0x0E, 0xFC, 0x03, 0xFE, 0x01, 0xFF, 0x00, 0x7F, 0x80,
  0x3F, 0xC0, 0x0F, 0xE0, 0x07, 0x80, 0x00, 0xFE, 0x00, 0x0F, 0xFF, 0x80,
  0x3F, 0xFF, 0x80, 0xF8, 0x0F, 0x83, 0xC0, 0x07, 0x87, 0x00, 0x07, 0x1E,
  0x00, 0x0F, 0x38, 0x00, 0x0E, 0x70, 0x00, 0x1D, 0xC0, 0x00, 0x1F, 0x80,
  0x00, 0x3F, 0x00, 0x00, 0x7E, 0x00, 0x00, 0xFC, 0x00, 0x01, 0xF8, 0x00,
  0x03, 0xF0, 0x00, 0x07, 0xE0, 0x00, 0x0F, 0xE0, 0x00, 0x39, 0xC0, 0x00,
  0x73, 0xC0, 0x01, 0xE3, 0x80, 0x03, 0x87, 0xC0, 0x1F, 0x07, 0xC0, 0x7C,
  0x07, 0xFF, 0xF0, 0x07, 0xFF, 0x80, 0x01, 0xFC, 0x00, 0xFF, 0xC1, 0xFF,
  0xE3, 0xFF, 0xE7, 0x03, 0xEE, 0x01, 0xDC, 0x01, 0xF8, 0x03, 0xF0, 0x07,
  0xE0, 0x0F, 0xC0, 0x1F, 0x80, 0x7F, 0x00, 0xEE, 0x07, 0xDF, 0xFF, 0x3F,
  0xFC, 0x7F, 0xC0, 0xE0, 0x01, 0xC0, 0x03, 0x80, 0x07, 0x00, 0x0E, 0x00,
  0x1C, 0x00, 0x38, 0x00, 0x70, 0x00, 0xE0, 0x00, 0x00, 0xFE, 0x00, 0x0F,
  0xFF, 0x80, 0x3F, 0xFF, 0x80, 0xF8, 0x0F, 0x83, 0xC0, 0x07, 0x87, 0x00,
  0x07, 0x1E, 0x00, 0x0F, 0x38, 0x00, 0x0E, 0x70, 0x00, 0x1D, 0xC0, 0x00,
  0x1F, 0x80, 0x00, 0x3F, 0x00, 0x00, 0x7E, 0x00, 0x00, 0xFC, 0x00, 0x01,
  0xF8, 0x00, 0x03, 0xF0, 0x00, 0x07, 0xE0, 0x00, 0x0F, 0xE0, 0x00, 0x3D,
  0xC0, 0x00, 0x73, 0xC0, 0x01, 0xE3, 0x80, 0x03, 0x87, 0xC0, 0x1F, 0x07,
  0xC0, 0x7C, 0x07, 0xFF, 0xF0, 0x07, 0xFF, 0x80, 0x01, 0xFC, 0x00, 0x00,
  0x38, 0x00, 0x00, 0x70, 0x00, 0x00, 0xF0, 0x00, 0x00, 0xF0, 0xC0, 0x01,
  0xFF, 0x80, 0x01, 0xFF, 0x00, 0x00, 0xFE, 0xFF, 0xE0, 0x0F, 0xFF, 0x80,
  0xFF, 0xFE, 0x0E, 0x03, 0xE0, 0xE0, 0x0F, 0x0E, 0x00, 0x70, 0xE0, 0x07,
  0x0E, 0x00, 0x70, 0xE0, 0x07, 0x0E, 0x00, 0xF0, 0xE0, 0x0E, 0x0E, 0x03,
  0xC0, 0xFF, 0xF8, 0x0F, 0xFF, 0x00, 0xFF, 0xE0, 0x0E, 0x0F, 0x00, 0xE0,
  0x78, 0x0E, 0x03, 0xC0, 0xE0, 0x1E, 0x0E, 0x00, 0xE0, 0xE0, 0x0F, 0x0E,
  0x00, 0x78, 0xE0, 0x03, 0xCE, 0x00, 0x1E, 0xE0, 0x00, 0xF0, 0x07, 0xF8,
  0x0F, 0xFF, 0x8F, 0xFF, 0xCF, 0x83, 0xE7, 0x00, 0x37, 0x00, 0x0B, 0x80,
  0x01, 0xC0, 0x00, 0xE0, 0x00, 0x78, 0x00, 0x1F, 0x00, 0x0F, 0xF8, 0x03,
  0xFF, 0x80, 0x7F, 0xF0, 0x03, 0xFC, 0x00, 0x1E, 0x00, 0x07, 0x80, 0x01,
  0xC0, 0x00, 0xE0, 0x00, 0x78, 0x00, 0x3E, 0x00, 0x3B, 0xE0, 0x7D, 0xFF,
  0xFC, 0x7F, 0xFC, 0x07, 0xF8, 0x00, 0xFF, 0xFF, 0xFF, 0xFF, 0xFF, 0xFF,
  0xFF, 0xFE, 0x00, 0xE0, 0x00, 0x07, 0x00, 0x00, 0x38, 0x00, 0x01, 0xC0,
  0x00, 0x0E, 0x00, 0x00, 0x70, 0x00, 0x03, 0x80, 0x00, 0x1C, 0x00, 0x00,
  0xE0, 0x00, 0x07, 0x00, 0x00, 0x38, 0x00, 0x01, 0xC0, 0x00, 0x0E, 0x00,
  0x00, 0x70, 0x00, 0x03, 0x80, 0x00, 0x1C, 0x00, 0x00, 0xE0, 0x00, 0x07,
  0x00, 0x00, 0x38, 0x00, 0x01, 0xC0, 0x00, 0x0E, 0x00, 0x00, 0x70, 0x00,
  0xE0, 0x00, 0xFC, 0x00, 0x1F, 0x80, 0x03, 0xF0, 0x00, 0x7E, 0x00, 0x0F,
  0xC0, 0x01, 0xF8, 0x00, 0x3F, 0x00, 0x07, 0xE0, 0x00, 0xFC, 0x00, 0x1F,
  0x80, 0x03, 0xF0, 0x00, 0x7E, 0x00, 0x0F, 0xC0, 0x01, 0xF8, 0x00, 0x3F,
  0x00, 0x07, 0xE0, 0x00, 0xFC, 0x00, 0x1F, 0x80, 0x03, 0xF8, 0x00, 0xE7,
  0x80, 0x3C, 0xF8, 0x0F, 0x8F, 0xFF, 0xE0, 0xFF, 0xF0, 0x03, 0xF8, 0x00,
  0xE0, 0x00, 0x3B, 0x80, 0x03, 0x9C, 0x00, 0x1C, 0xE0, 0x00, 0xE3, 0x80,
  0x0E, 0x1C, 0x00, 0x70, 0xE0, 0x03, 0x83, 0x80, 0x38, 0x1C, 0x01, 0xC0,
  0xE0, 0x0E, 0x03, 0x80, 0xE0, 0x1C, 0x07, 0x00, 0xE0, 0x38, 0x03, 0x83,
  0x80, 0x1C, 0x1C, 0x00, 0xE0, 0xE0, 0x03, 0x8E, 0x00, 0x1C, 0x70, 0x00,
  0xE3, 0x80, 0x03, 0xB8, 0x00, 0x1D, 0xC0, 0x00, 0xEE, 0x00, 0x03, 0xE0,
  0x00, 0x1F, 0x00, 0x00, 0x78, 0x00, 0xE0, 0x03, 0xC0, 0x07, 0xF0, 0x03,
  0xC0, 0x07, 0x70, 0x03, 0xE0, 0x0E, 0x70, 0x07, 0xE0, 0x0E, 0x70, 0x07,
  0xE0, 0x0E, 0x78, 0x07, 0xE0, 0x1E, 0x38, 0x06, 0x70, 0x1C, 0x38, 0x0E,
  0x70, 0x1C, 0x38, 0x0E, 0x70, 0x1C, 0x1C, 0x0E, 0x70, 0x38, 0x1C, 0x0C,
  0x38, 0x38, 0x1C, 0x1C, 0x38, 0x38, 0x1C, 0x1C, 0x38, 0x38, 0x0E, 0x18,
  0x18, 0x70, 0x0E, 0x18, 0x1C, 0x70, 0x0E, 0x38, 0x1C, 0x70, 0x0E, 0x38,
  0x1C, 0x70, 0x07, 0x30, 0x0C, 0xE0, 0x07, 0x30, 0x0E, 0xE0, 0x07, 0x70,
  0x0E, 0xE0, 0x03, 0x60, 0x0E, 0xE0, 0x03, 0xE0, 0x07, 0xC0, 0x03, 0xE0,
  0x07, 0xC0, 0x03, 0xE0, 0x07, 0xC0, 0x01, 0xC0, 0x03, 0x80, 0xE0, 0x00,
  0x77, 0x00, 0x0E, 0x38, 0x01, 0xC3, 0x80, 0x1C, 0x1C, 0x03, 0x80, 0xE0,
  0x70, 0x0E, 0x07, 0x00, 0x70, 0xE0, 0x03, 0x9C, 0x00, 0x39, 0xC0, 0x01,
  0xF8, 0x00, 0x0F, 0x00, 0x00, 0xF0, 0x00, 0x0F, 0x00, 0x01, 0xF8, 0x00,
  0x39, 0xC0, 0x03, 0x9C, 0x00, 0x70, 0xE0, 0x0E, 0x07, 0x00, 0xE0, 0x70,
  0x1C, 0x03, 0x83, 0x80, 0x1C, 0x38, 0x01, 0xC7, 0x00, 0x0E, 0xE0, 0x00,
  0x70, 0xF0, 0x00, 0x7B, 0x80, 0x07, 0x8E, 0x00, 0x38, 0x78, 0x03, 0xC1,
  0xC0, 0x1C, 0x0F, 0x01, 0xC0, 0x3C, 0x1E, 0x00, 0xE0, 0xE0, 0x07, 0x8F,
  0x00, 0x1C, 0xF0, 0x00, 0x77, 0x00, 0x03, 0xF8, 0x00, 0x0F, 0x80, 0x00,
  0x78, 0x00, 0x01, 0xC0, 0x00, 0x0E, 0x00, 0x00, 0x70, 0x00, 0x03, 0x80,
  0x00, 0x1C, 0x00, 0x00, 0xE0, 0x00, 0x07, 0x00, 0x00, 0x38, 0x00, 0x01,
  0xC0, 0x00, 0x0E, 0x00, 0x00, 0x70, 0x00, 0x7F, 0xFF, 0xDF, 0xFF, 0xF7,
  0xFF, 0xFC, 0x00, 0x07, 0x00, 0x03, 0x80, 0x01, 0xC0, 0x00, 0xE0, 0x00,
  0x70, 0x00, 0x1C, 0x00, 0x0E, 0x00, 0x07, 0x00, 0x03, 0x80, 0x01, 0xE0,
  0x00, 0x70, 0x00, 0x38, 0x00, 0x1C, 0x00, 0x0E, 0x00, 0x07, 0x80, 0x01,
  0xC0, 0x00, 0xE0, 0x00, 0x70, 0x00, 0x38, 0x00, 0x0F, 0xFF, 0xFF, 0xFF,
  0xFF, 0xFF, 0xFF, 0xC0, 0xFF, 0xFF, 0xF8, 0x1C, 0x0E, 0x07, 0x03, 0x81,
  0xC0, 0xE0, 0x70, 0x38, 0x1C, 0x0E, 0x07, 0x03, 0x81, 0xC0, 0xE0, 0x70,
  0x38, 0x1C, 0x0E, 0x07, 0x03, 0x81, 0xC0, 0xE0, 0x70, 0x38, 0x1C, 0x0E,
  0x07, 0x03, 0x81, 0xC0, 0xFF, 0xFF, 0xC0, 0xE0, 0x07, 0x00, 0x1C, 0x00,
  0xE0, 0x07, 0x00, 0x1C, 0x00, 0xE0, 0x07, 0x00, 0x1C, 0x00, 0xE0, 0x07,
  0x00, 0x38, 0x00, 0xE0, 0x07, 0x00, 0x38, 0x00, 0xE0, 0x07, 0x00, 0x38,
  0x00, 0xE0, 0x07, 0x00, 0x38, 0x00, 0xE0, 0x07, 0x00, 0x38, 0x01, 0xC0,
  0x07, 0x00, 0x38, 0x01, 0xC0, 0x07, 0x00, 0x38, 0x01, 0xC0, 0x07, 0x00,
  0x38, 0xFF, 0xFF, 0xC0, 0xE0, 0x70, 0x38, 0x1C, 0x0E, 0x07, 0x03, 0x81,
  0xC0, 0xE0, 0x70, 0x38, 0x1C, 0x0E, 0x07, 0x03, 0x81, 0xC0, 0xE0, 0x70,
  0x38, 0x1C, 0x0E, 0x07, 0x03, 0x81, 0xC0, 0xE0, 0x70, 0x38, 0x1C, 0x0E,
  0x07, 0xFF, 0xFF, 0xC0, 0x00, 0x70, 0x00, 0x07, 0xC0, 0x00, 0x3E, 0x00,
  0x03, 0xB8, 0x00, 0x38, 0xE0, 0x01, 0xC7, 0x00, 0x1C, 0x1C, 0x01, 0xC0,
  0x70, 0x0E, 0x03, 0x80, 0xE0, 0x0E, 0x0E, 0x00, 0x38, 0x70, 0x01, 0xC7,
  0x00, 0x07, 0x70, 0x00, 0x1C, 0xFF, 0xFF, 0xFF, 0xFF, 0xFC, 0xF0, 0xF0,
  0xE0, 0xE1, 0xC1, 0xC0, 0x1F, 0xE0, 0x7F, 0xF0, 0xFF, 0xF1, 0x80, 0xF0,
  0x00, 0xE0, 0x01, 0xC0, 0x03, 0x80, 0xFF, 0x1F, 0xFE, 0x7F, 0xFD, 0xF8,
  0x3F, 0x80, 0x7E, 0x00, 0xFC, 0x01, 0xF8, 0x03, 0xF0, 0x0F, 0xF0, 0x7E,
  0xFF, 0xFC, 0xFF, 0xB8, 0xFC, 0x70, 0xE0, 0x00, 0xE0, 0x00, 0xE0, 0x00,
  0xE0, 0x00, 0xE0, 0x00, 0xE0, 0x00, 0xE0, 0x00, 0xE3, 0xF0, 0xEF, 0xF8,
  0xFF, 0xFC, 0xFC, 0x1E, 0xF0, 0x0E, 0xE0, 0x0E, 0xE0, 0x07, 0xE0, 0x07,
  0xE0, 0x07, 0xE0, 0x07, 0xE0, 0x07, 0xE0, 0x07, 0xE0, 0x07, 0xE0, 0x0F,
  0xE0, 0x0E, 0xE0, 0x1E, 0xF0, 0x3C, 0xFF, 0xF8, 0xFF, 0xF0, 0xE7, 0xE0,
  0x03, 0xF0, 0x3F, 0xF3, 0xFF, 0xCF, 0x07, 0x78, 0x05, 0xC0, 0x0F, 0x00,
  0x38, 0x00, 0xE0, 0x03, 0x80, 0x0E, 0x00, 0x38, 0x00, 0xE0, 0x03, 0xC0,
  0x07, 0x00, 0x1E, 0x01, 0x3C, 0x1C, 0xFF, 0xF1, 0xFF, 0xC1, 0xFC, 0x00,
  0x07, 0x00, 0x07, 0x00, 0x07, 0x00, 0x07, 0x00, 0x07, 0x00, 0x07, 0x00,
  0x07, 0x03, 0xE7, 0x0F, 0xFF, 0x1F, 0xFF, 0x3C, 0x0F, 0x78, 0x07, 0x70,
  0x07, 0xF0, 0x07, 0xE0, 0x07, 0xE0, 0x07, 0xE0, 0x07, 0xE0, 0x07, 0xE0,
  0x07, 0xE0, 0x07, 0xE0, 0x07, 0x70, 0x07, 0x70, 0x0F, 0x7C, 0x3F, 0x3F,
  0xFF, 0x1F, 0xF7, 0x07, 0xC7, 0x03, 0xF0, 0x0F, 0xF8, 0x1F, 0xFC, 0x3C,
  0x1E, 0x70, 0x0E, 0x60, 0x07, 0xE0, 0x07, 0xFF, 0xFF, 0xFF, 0xFF, 0xFF,
  0xFF, 0xE0, 0x00, 0xE0, 0x00, 0xE0, 0x00, 0xF0, 0x00, 0x70, 0x00, 0x78,
  0x01, 0x3E, 0x07, 0x1F, 0xFF, 0x0F, 0xFF, 0x03, 0xF8, 0x03, 0xF0, 0xFF,
  0x1F, 0xF1, 0xC0, 0x3C, 0x03, 0x80, 0x38, 0x03, 0x80, 0xFF, 0xEF, 0xFE,
  0xFF, 0xE3, 0x80, 0x38, 0x03, 0x80, 0x38, 0x03, 0x80, 0x38, 0x03, 0x80,
  0x38, 0x03, 0x80, 0x38, 0x03, 0x80, 0x38, 0x03, 0x80, 0x38, 0x03, 0x80,
  0x38, 0x00, 0x07, 0xE0, 0x0F, 0xFF, 0x1F, 0xFF, 0x3C, 0x0F, 0x78, 0x07,
  0x70, 0x07, 0xF0, 0x07, 0xE0, 0x07, 0xE0, 0x07, 0xE0, 0x07, 0xE0, 0x07,
  0xE0, 0x07, 0xE0, 0x07, 0xE0, 0x07, 0xF0, 0x07, 0x70, 0x07, 0x78, 0x3F,
  0x3F, 0xFF, 0x1F, 0xF7, 0x0F, 0xC7, 0x00, 0x07, 0x00, 0x07, 0x00, 0x0E,
  0x30, 0x1E, 0x3F, 0xFC, 0x3F, 0xF8, 0x1F, 0xE0, 0xE0, 0x00, 0xE0, 0x00,
  0xE0, 0x00, 0xE0, 0x00, 0xE0, 0x00, 0xE0, 0x00, 0xE0, 0x00, 0xE1, 0xF0,
  0xE7, 0xFC, 0xFF, 0xFE, 0xFC, 0x1E, 0xF0, 0x0F, 0xE0, 0x07, 0xE0, 0x07,
  0xE0, 0x07, 0xE0, 0x07, 0xE0, 0x07, 0xE0, 0x07, 0xE0, 0x07, 0xE0, 0x07,
  0xE0, 0x07, 0xE0, 0x07, 0xE0, 0x07, 0xE0, 0x07, 0xE0, 0x07, 0xE0, 0x07,
  0xE0, 0x07, 0xFF, 0x80, 0x3F, 0xFF, 0xFF, 0xFF, 0xFF, 0xFF, 0xFF, 0xE0,
  0x03, 0x81, 0xC0, 0xE0, 0x00, 0x00, 0x00, 0xFE, 0x7F, 0x3F, 0x81, 0xC0,
  0xE0, 0x70, 0x38, 0x1C, 0x0E, 0x07, 0x03, 0x81, 0xC0, 0xE0, 0x70, 0x38,
  0x1C, 0x0E, 0x07, 0x03, 0x81, 0xC0, 0xE0, 0xF0, 0xF7, 0xFB, 0xF9, 0xF8,
  0xE0, 0x00, 0xE0, 0x00, 0xE0, 0x00, 0xE0, 0x00, 0xE0, 0x00, 0xE0, 0x00,
  0xE0, 0x00, 0xE0, 0x00, 0xE0, 0x1E, 0xE0, 0x38, 0xE0, 0x70, 0xE0, 0xE0,
  0xE1, 0xC0, 0xE3, 0x80, 0xE7, 0x00, 0xEE, 0x00, 0xFE, 0x00, 0xFF, 0x00,
  0xF7, 0x80, 0xE3, 0xC0, 0xE1, 0xE0, 0xE0, 0xE0, 0xE0, 0x70, 0xE0, 0x78,
  0xE0, 0x3C, 0xE0, 0x1E, 0xE0, 0x0F, 0xFF, 0xFF, 0xFF, 0xFF, 0xFF, 0xFF,
  0xFF, 0xFF, 0xFF, 0xFF, 0x80, 0x03, 0xE0, 0x7C, 0x77, 0xF8, 0xFF, 0x3F,
  0xFE, 0xFF, 0xDF, 0x87, 0xF0, 0xEF, 0x03, 0xE0, 0x7F, 0x00, 0xE0, 0x1F,
  0x80, 0x70, 0x0F, 0xC0, 0x38, 0x07, 0xE0, 0x1C, 0x03, 0xF0, 0x0E, 0x01,
  0xF8, 0x07, 0x00, 0xFC, 0x03, 0x80, 0x7E, 0x01, 0xC0, 0x3F, 0x00, 0xE0,
  0x1F, 0x80, 0x70, 0x0F, 0xC0, 0x38, 0x07, 0xE0, 0x1C, 0x03, 0xF0, 0x0E,
  0x01, 0xF8, 0x07, 0x00, 0xFC, 0x03, 0x80, 0x70, 0x01, 0xF0, 0xE7, 0xFC,
  0xFF, 0xFE, 0xFC, 0x1E, 0xF0, 0x0F, 0xE0, 0x07, 0xE0, 0x07, 0xE0, 0x07,
  0xE0, 0x07, 0xE0, 0x07, 0xE0, 0x07, 0xE0, 0x07, 0xE0, 0x07, 0xE0, 0x07,
  0xE0, 0x07, 0xE0, 0x07, 0xE0, 0x07, 0xE0, 0x07, 0xE0, 0x07, 0xE0, 0x07,
  0x07, 0xF0, 0x07, 0xFC, 0x0F, 0xFF, 0x87, 0x83, 0xC7, 0x80, 0xF3, 0x80,
  0x3B, 0x80, 0x1F, 0xC0, 0x07, 0xE0, 0x03, 0xF0, 0x01, 0xF8, 0x00, 0xFC,
  0x00, 0x7E, 0x00, 0x3F, 0x80, 0x3D, 0xC0, 0x1C, 0xF0, 0x1E, 0x3C, 0x1E,
  0x1F, 0xFF, 0x07, 0xFF, 0x00, 0xFE, 0x00, 0x03, 0xF0, 0xEF, 0xF8, 0xFF,
  0xFC, 0xFC, 0x1E, 0xF0, 0x0E, 0xE0, 0x0F, 0xE0, 0x07, 0xE0, 0x07, 0xE0,
  0x07, 0xE0, 0x07, 0xE0, 0x07, 0xE0, 0x07, 0xE0, 0x07, 0xE0, 0x0E, 0xE0,
  0x0E, 0xE0, 0x1E, 0xF0, 0x3C, 0xFF, 0xF8, 0xFF, 0xF0, 0xE7, 0xE0, 0xE0,
  0x00, 0xE0, 0x00, 0xE0, 0x00, 0xE0, 0x00, 0xE0, 0x00, 0xE0, 0x00, 0xE0,
  0x00, 0x07, 0xE0, 0x0F, 0xFF, 0x1F, 0xFF, 0x3C, 0x1F, 0x78, 0x07, 0x70,
  0x07, 0xF0, 0x07, 0xE0, 0x07, 0xE0, 0x07, 0xE0, 0x07, 0xE0, 0x07, 0xE0,
  0x07, 0xE0, 0x07, 0xE0, 0x07, 0x70, 0x07, 0x70, 0x0F, 0x7C, 0x3F, 0x3F,
  0xFF, 0x1F, 0xF7, 0x07, 0xC7, 0x00, 0x07, 0x00, 0x07, 0x00, 0x07, 0x00,
  0x07, 0x00, 0x07, 0x00, 0x07, 0x00, 0x07, 0xE1, 0xFC, 0xFF, 0xFF, 0xFE,
  0x0F, 0x01, 0xC0, 0x38, 0x07, 0x00, 0xE0, 0x1C, 0x03, 0x80, 0x70, 0x0E,
  0x01, 0xC0, 0x38, 0x07, 0x00, 0xE0, 0x1C, 0x03, 0x80, 0x00, 0x0F, 0xE0,
  0xFF, 0xE7, 0xFF, 0xBC, 0x0E, 0xE0, 0x0B, 0x80, 0x0E, 0x00, 0x3C, 0x00,
  0x7F, 0x00, 0xFF, 0x81, 0xFF, 0x80, 0x3E, 0x00, 0x3C, 0x00, 0x70, 0x01,
  0xE0, 0x07, 0xF0, 0x3B, 0xFF, 0xEF, 0xFF, 0x07, 0xF0, 0x38, 0x07, 0x00,
  0xE0, 0x1C, 0x03, 0x81, 0xFF, 0xFF, 0xFF, 0xFF, 0x38, 0x07, 0x00, 0xE0,
  0x1C, 0x03, 0x80, 0x70, 0x0E, 0x01, 0xC0, 0x38, 0x07, 0x00, 0xE0, 0x1C,
  0x03, 0xC2, 0x3F, 0xC7, 0xF8, 0x3E, 0xE0, 0x07, 0xE0, 0x07, 0xE0, 0x07,
  0xE0, 0x07, 0xE0, 0x07, 0xE0, 0x07, 0xE0, 0x07, 0xE0, 0x07, 0xE0, 0x07,
  0xE0, 0x07, 0xE0, 0x07, 0xE0, 0x07, 0xE0, 0x07, 0xE0, 0x07, 0xF0, 0x0F,
  0x78, 0x3F, 0x7F, 0xFF, 0x3F, 0xE7, 0x0F, 0x87, 0xE0, 0x03, 0xB8, 0x03,
  0x9C, 0x01, 0xCE, 0x00, 0xE3, 0x80, 0xE1, 0xC0, 0x70, 0xF0, 0x38, 0x38,
  0x38, 0x1C, 0x1C, 0x07, 0x1C, 0x03, 0x8E, 0x01, 0xC7, 0x00, 0x77, 0x00,
  0x3B, 0x80, 0x1D, 0xC0, 0x07, 0xC0, 0x03, 0xE0, 0x01, 0xE0, 0x00, 0x70,
  0x00, 0xE0, 0x1C, 0x07, 0xE0, 0x3C, 0x07, 0x70, 0x3C, 0x0E, 0x70, 0x3C,
  0x0E, 0x70, 0x7E, 0x0E, 0x70, 0x7E, 0x0E, 0x38, 0x66, 0x0C, 0x38, 0x67,
  0x1C, 0x38, 0xE7, 0x1C, 0x38, 0xC3, 0x1C, 0x18, 0xC3, 0x98, 0x1D, 0xC3,
  0xB8, 0x1D, 0xC3, 0xB8, 0x1D, 0x81, 0xB8, 0x0D, 0x81, 0xF0, 0x0F, 0x81,
  0xF0, 0x0F, 0x00, 0xF0, 0x0F, 0x00, 0xF0, 0x07, 0x00, 0xE0, 0xE0, 0x03,
  0xB8, 0x03, 0x8E, 0x03, 0x83, 0x83, 0x81, 0xC1, 0xC0, 0x71, 0xC0, 0x1D,
  0xC0, 0x07, 0xC0, 0x03, 0xE0, 0x00, 0xE0, 0x00, 0xF8, 0x00, 0x7C, 0x00,
  0x77, 0x00, 0x71, 0xC0, 0x70, 0x70, 0x38, 0x38, 0x38, 0x0E, 0x38, 0x03,
  0xB8, 0x00, 0xE0, 0xE0, 0x03, 0xB8, 0x03, 0x9C, 0x01, 0xCE, 0x01, 0xE3,
  0x80, 0xE1, 0xC0, 0x70, 0xF0, 0x70, 0x38, 0x38, 0x1C, 0x1C, 0x07, 0x1C,
  0x03, 0x8E, 0x01, 0xC7, 0x00, 0x77, 0x00, 0x3B, 0x80, 0x1F, 0x80, 0x07,
  0xC0, 0x03, 0xE0, 0x00, 0xE0, 0x00, 0x70, 0x00, 0x70, 0x00, 0x38, 0x00,
  0x3C, 0x00, 0x1C, 0x00, 0x0E, 0x00, 0x0E, 0x00, 0x07, 0x00, 0x00, 0xFF,
  0xFF, 0xFF, 0xFF, 0xFF, 0xC0, 0x0E, 0x00, 0x70, 0x01, 0xC0, 0x0E, 0x00,
  0x70, 0x03, 0x80, 0x1E, 0x00, 0x70, 0x03, 0x80, 0x1C, 0x00, 0xE0, 0x07,
  0x80, 0x1C, 0x00, 0xFF, 0xFF, 0xFF, 0xFF, 0xFF, 0xC0, 0x00, 0x3E, 0x01,
  0xFC, 0x07, 0x80, 0x0E, 0x00, 0x38, 0x00, 0x70, 0x00, 0xE0, 0x01, 0xC0,
  0x03, 0x80, 0x07, 0x00, 0x0E, 0x00, 0x1C, 0x00, 0x38, 0x00, 0xE0, 0x01,
  0xC0, 0x0F, 0x00, 0xF8, 0x01, 0xE0, 0x03, 0xF0, 0x00, 0xF0, 0x00, 0x70,
  0x00, 0xE0, 0x00, 0xE0, 0x01, 0xC0, 0x03, 0x80, 0x07, 0x00, 0x0E, 0x00,
  0x1C, 0x00, 0x38, 0x00, 0x70, 0x00, 0xF0, 0x00, 0xF0, 0x00, 0xFE, 0x00,
  0x7C, 0xFF, 0xFF, 0xFF, 0xFF, 0xFF, 0xFF, 0xFF, 0xFF, 0xFF, 0xFF, 0xFF,
  0xFF, 0xFC, 0xF8, 0x01, 0xFC, 0x00, 0x3C, 0x00, 0x38, 0x00, 0x38, 0x00,
  0x70, 0x00, 0xE0, 0x01, 0xC0, 0x03, 0x80, 0x07, 0x00, 0x0E, 0x00, 0x1C,
  0x00, 0x38, 0x00, 0x38, 0x00, 0x70, 0x00, 0x78, 0x00, 0x7E, 0x00, 0x3C,
  0x01, 0xF8, 0x07, 0x80, 0x1C, 0x00, 0x38, 0x00, 0xE0, 0x01, 0xC0, 0x03,
  0x80, 0x07, 0x00, 0x0E, 0x00, 0x1C, 0x00, 0x38, 0x00, 0x70, 0x01, 0xC0,
  0x07, 0x80, 0xFE, 0x01, 0xF0, 0x00, 0x0F, 0x00, 0x39, 0xFE, 0x01, 0xCF,
  0xF8, 0x0E, 0xF1, 0xE0, 0x77, 0x07, 0x07, 0x70, 0x3C, 0x7B, 0x80, 0xFF,
  0x9C, 0x03, 0xFC, 0xE0, 0x07, 0x80, 0xFF, 0xFF, 0xFF, 0xFF, 0xFF, 0xFF,
  0xFC, 0x00, 0x00, 0x0F, 0x00, 0x00, 0x03, 0xC0, 0x00, 0x00, 0xF0, 0x00,
  0x00, 0x3C, 0x00, 0x00, 0x0F, 0x00, 0x00, 0x03, 0xC0, 0x00, 0x00, 0xF0,
  0x00, 0x00, 0x3C, 0x00, 0x00, 0x0F, 0x00, 0x00, 0x03, 0xC0, 0x00, 0x00,
  0xF0, 0x00, 0x00, 0x3C, 0x00, 0x00, 0x0F, 0x00, 0x00, 0x03, 0xC0, 0x00,
  0x00, 0xF0, 0x00, 0x00, 0x3C, 0x00, 0x00, 0x0F, 0x00, 0x00, 0x03, 0xC0,
  0x00, 0x00, 0xF0, 0x00, 0x00, 0x3C, 0x00, 0x00, 0x0F, 0x00, 0x00, 0x03,
  0xFF, 0xFF, 0xFF, 0xFF, 0xFF, 0xFF, 0xF0, 0xFF, 0xFF, 0xFF, 0xFF, 0xFF,
  0xFF, 0xFC, 0x00, 0x00, 0x0F, 0x00, 0x00, 0x03, 0xC0, 0x00, 0x00, 0xF0,
  0x00, 0x00, 0x3C, 0x00, 0x00, 0x0F, 0x00, 0x00, 0x03, 0xC0, 0x00, 0x00,
  0xF0, 0x00, 0x00, 0x3C, 0x00, 0x00, 0x0F, 0x00, 0x00, 0x03, 0xC0, 0x00,
  0x00, 0xF0, 0x00, 0x00, 0x3C, 0x00, 0x00, 0x0F, 0x00, 0x00, 0x03, 0xC0,
  0x00, 0x00, 0xF0, 0x00, 0x00, 0x3C, 0x00, 0x00, 0x0F, 0x00, 0x00, 0x03,
  0xC0, 0x00, 0x00, 0xF0, 0x00, 0x00, 0x3C, 0x00, 0x00, 0x0F, 0x00, 0x00,
  0x03, 0xFF, 0xFF, 0xFF, 0xFF, 0xFF, 0xFF, 0xF0, 0xFF, 0xFF, 0xFF, 0xFF,
  0xFF, 0xFF, 0xFC, 0x00, 0x00, 0x0F, 0x00, 0x00, 0x03, 0xC0, 0x00, 0x00,
  0xF0, 0x00, 0x00, 0x3C, 0x00, 0x00, 0x0F, 0x00, 0x00, 0x03, 0xC0, 0x00,
  0x00, 0xF0, 0x00, 0x00, 0x3C, 0x00, 0x00, 0x0F, 0x00, 0x00, 0x03, 0xC0,
  0x00, 0x00, 0xF0, 0x00, 0x00, 0x3C, 0x00, 0x00, 0x0F, 0x00, 0x00, 0x03,
  0xC0, 0x00, 0x00, 0xF0, 0x00, 0x00, 0x3C, 0x00, 0x00, 0x0F, 0x00, 0x00,
  0x03, 0xC0, 0x00, 0x00, 0xF0, 0x00, 0x00, 0x3C, 0x00, 0x00, 0x0F, 0x00,
  0x00, 0x03, 0xFF, 0xFF, 0xFF, 0xFF, 0xFF, 0xFF, 0xF0, 0xFF, 0xFF, 0xFF,
  0xFF, 0xFF, 0xFF, 0xFC, 0x00, 0x00, 0x0F, 0x00, 0x00, 0x03, 0xC0, 0x00,
  0x00, 0xF0, 0x00, 0x00, 0x3C, 0x00, 0x00, 0x0F, 0x00, 0x00, 0x03, 0xC0,
  0x00, 0x00, 0xF0, 0x00, 0x00, 0x3C, 0x00, 0x00, 0x0F, 0x00, 0x00, 0x03,
  0xC0, 0x00, 0x00, 0xF0, 0x00, 0x00, 0x3C, 0x00, 0x00, 0x0F, 0x00, 0x00,
  0x03, 0xC0, 0x00, 0x00, 0xF0, 0x00, 0x00, 0x3C, 0x00, 0x00, 0x0F, 0x00,
  0x00, 0x03, 0xC0, 0x00, 0x00, 0xF0, 0x00, 0x00, 0x3C, 0x00, 0x00, 0x0F,
  0x00, 0x00, 0x03, 0xFF, 0xFF, 0xFF, 0xFF, 0xFF, 0xFF, 0xF0, 0xFF, 0xFF,
  0xFF, 0xFF, 0xFF, 0xFF, 0xFC, 0x00, 0x00, 0x0F, 0x00, 0x00, 0x03, 0xC0,
  0x00, 0x00, 0xF0, 0x00, 0x00, 0x3C, 0x00, 0x00, 0x0F, 0x00, 0x00, 0x03,
  0xC0, 0x00, 0x00, 0xF0, 0x00, 0x00, 0x3C, 0x00, 0x00, 0x0F, 0x00, 0x00,
  0x03, 0xC0, 0x00, 0x00, 0xF0, 0x00, 0x00, 0x3C, 0x00, 0x00, 0x0F, 0x00,
  0x00, 0x03, 0xC0, 0x00, 0x00, 0xF0, 0x00, 0x00, 0x3C, 0x00, 0x00, 0x0F,
  0x00, 0x00, 0x03, 0xC0, 0x00, 0x00, 0xF0, 0x00, 0x00, 0x3C, 0x00, 0x00,
  0x0F, 0x00, 0x00, 0x03, 0xFF, 0xFF, 0xFF, 0xFF, 0xFF, 0xFF, 0xF0, 0xFF,
  0xFF, 0xFF, 0xFF, 0xFF, 0xFF, 0xFC, 0x00, 0x00, 0x0F, 0x00, 0x00, 0x03,
  0xC0, 0x00, 0x00, 0xF0, 0x00, 0x00, 0x3C, 0x00, 0x00, 0x0F, 0x00, 0x00,
  0x03, 0xC0, 0x00, 0x00, 0xF0, 0x00, 0x00, 0x3C, 0x00, 0x00, 0x0F, 0x00,
  0x00, 0x03, 0xC0, 0x00, 0x00, 0xF0, 0x00, 0x00, 0x3C, 0x00, 0x00, 0x0F,
  0x00, 0x00, 0x03, 0xC0, 0x00, 0x00, 0xF0, 0x00, 0x00, 0x3C, 0x00, 0x00,
  0x0F, 0x00, 0x00, 0x03, 0xC0, 0x00, 0x00, 0xF0, 0x00, 0x00, 0x3C, 0x00,
  0x00, 0x0F, 0x00, 0x00, 0x03, 0xFF, 0xFF, 0xFF, 0xFF, 0xFF, 0xFF, 0xF0,
  0xFF, 0xFF, 0xFF, 0xFF, 0xFF, 0xFF, 0xFC, 0x00, 0x00, 0x0F, 0x00, 0x00,
  0x03, 0xC0, 0x00, 0x00, 0xF0, 0x00, 0x00, 0x3C, 0x00, 0x00, 0x0F, 0x00,
  0x00, 0x03, 0xC0, 0x00, 0x00, 0xF0, 0x00, 0x00, 0x3C, 0x00, 0x00, 0x0F,
  0x00, 0x00, 0x03, 0xC0, 0x00, 0x00, 0xF0, 0x00, 0x00, 0x3C, 0x00, 0x00,
  0x0F, 0x00, 0x00, 0x03, 0xC0, 0x00, 0x00, 0xF0, 0x00, 0x00, 0x3C, 0x00,
  0x00, 0x0F, 0x00, 0x00, 0x03, 0xC0, 0x00, 0x00, 0xF0, 0x00, 0x00, 0x3C,
  0x00, 0x00, 0x0F, 0x00, 0x00, 0x03, 0xFF, 0xFF, 0xFF, 0xFF, 0xFF, 0xFF,
  0xF0, 0xFF, 0xFF, 0xFF, 0xFF, 0xFF, 0xFF, 0xFC, 0x00, 0x00, 0x0F, 0x00,
  0x00, 0x03, 0xC0, 0x00, 0x00, 0xF0, 0x00, 0x00, 0x3C, 0x00, 0x00, 0x0F,
  0x00, 0x00, 0x03, 0xC0, 0x00, 0x00, 0xF0, 0x00, 0x00, 0x3C, 0x00, 0x00,
  0x0F, 0x00, 0x00, 0x03, 0xC0, 0x00, 0x00, 0xF0, 0x00, 0x00, 0x3C, 0x00,
  0x00, 0x0F, 0x00, 0x00, 0x03, 0xC0, 0x00, 0x00, 0xF0, 0x00, 0x00, 0x3C,
  0x00, 0x00, 0x0F, 0x00, 0x00, 0x03, 0xC0, 0x00, 0x00, 0xF0, 0x00, 0x00,
  0x3C, 0x00, 0x00, 0x0F, 0x00, 0x00, 0x03, 0xFF, 0xFF, 0xFF, 0xFF, 0xFF,
  0xFF, 0xF0, 0xFF, 0xFF, 0xFF, 0xFF, 0xFF, 0xFF, 0xFC, 0x00, 0x00, 0x0F,
  0x00, 0x00, 0x03, 0xC0, 0x00, 0x00, 0xF0, 0x00, 0x00, 0x3C, 0x00, 0x00,
  0x0F, 0x00, 0x00, 0x03, 0xC0, 0x00, 0x00, 0xF0, 0x00, 0x00, 0x3C, 0x00,
  0x00, 0x0F, 0x00, 0x00, 0x03, 0xC0, 0x00, 0x00, 0xF0, 0x00, 0x00, 0x3C,
  0x00, 0x00, 0x0F, 0x00, 0x00, 0x03, 0xC0, 0x00, 0x00, 0xF0, 0x00, 0x00,
  0x3C, 0x00, 0x00, 0x0F, 0x00, 0x00, 0x03, 0xC0, 0x00, 0x00, 0xF0, 0x00,
  0x00, 0x3C, 0x00, 0x00, 0x0F, 0x00, 0x00, 0x03, 0xFF, 0xFF, 0xFF, 0xFF,
  0xFF, 0xFF, 0xF0, 0xFF, 0xFF, 0xFF, 0xFF, 0xFF, 0xFF, 0xFC, 0x00, 0x00,
  0x0F, 0x00, 0x00, 0x03, 0xC0, 0x00, 0x00, 0xF0, 0x00, 0x00, 0x3C, 0x00,
  0x00, 0x0F, 0x00, 0x00, 0x03, 0xC0, 0x00, 0x00, 0xF0, 0x00, 0x00, 0x3C,
  0x00, 0x00, 0x0F, 0x00, 0x00, 0x03, 0xC0, 0x00, 0x00, 0xF0, 0x00, 0x00,
  0x3C, 0x00, 0x00, 0x0F, 0x00, 0x00, 0x03, 0xC0, 0x00, 0x00, 0xF0, 0x00,
  0x00, 0x3C, 0x00, 0x00, 0x0F, 0x00, 0x00, 0x03, 0xC0, 0x00, 0x00, 0xF0,
  0x00, 0x00, 0x3C, 0x00, 0x00, 0x0F, 0x00, 0x00, 0x03, 0xFF, 0xFF, 0xFF,
  0xFF, 0xFF, 0xFF, 0xF0, 0xFF, 0xFF, 0xFF, 0xFF, 0xFF, 0xFF, 0xFC, 0x00,
  0x00, 0x0F, 0x00, 0x00, 0x03, 0xC0, 0x00, 0x00, 0xF0, 0x00, 0x00, 0x3C,
  0x00, 0x00, 0x0F, 0x00, 0x00, 0x03, 0xC0, 0x00, 0x00, 0xF0, 0x00, 0x00,
  0x3C, 0x00, 0x00, 0x0F, 0x00, 0x00, 0x03, 0xC0, 0x00, 0x00, 0xF0, 0x00,
  0x00, 0x3C, 0x00, 0x00, 0x0F, 0x00, 0x00, 0x03, 0xC0, 0x00, 0x00, 0xF0,
  0x00, 0x00, 0x3C, 0x00, 0x00, 0x0F, 0x00, 0x00, 0x03, 0xC0, 0x00, 0x00,
  0xF0, 0x00, 0x00, 0x3C, 0x00, 0x00, 0x0F, 0x00, 0x00, 0x03, 0xFF, 0xFF,
  0xFF, 0xFF, 0xFF, 0xFF, 0xF0, 0xFF, 0xFF, 0xFF, 0xFF, 0xFF, 0xFF, 0xFC,
  0x00, 0x00, 0x0F, 0x00, 0x00, 0x03, 0xC0, 0x00, 0x00, 0xF0, 0x00, 0x00,
  0x3C, 0x00, 0x00, 0x0F, 0x00, 0x00, 0x03, 0xC0, 0x00, 0x00, 0xF0, 0x00,
  0x00, 0x3C, 0x00, 0x00, 0x0F, 0x00, 0x00, 0x03, 0xC0, 0x00, 0x00, 0xF0,
  0x00, 0x00, 0x3C, 0x00, 0x00, 0x0F, 0x00, 0x00, 0x03, 0xC0, 0x00, 0x00,
  0xF0, 0x00, 0x00, 0x3C, 0x00, 0x00, 0x0F, 0x00, 0x00, 0x03, 0xC0, 0x00,
  0x00, 0xF0, 0x00, 0x00, 0x3C, 0x00, 0x00, 0x0F, 0x00, 0x00, 0x03, 0xFF,
  0xFF, 0xFF, 0xFF, 0xFF, 0xFF, 0xF0, 0xFF, 0xFF, 0xFF, 0xFF, 0xFF, 0xFF,
  0xFC, 0x00, 0x00, 0x0F, 0x00, 0x00, 0x03, 0xC0, 0x00, 0x00, 0xF0, 0x00,
  0x00, 0x3C, 0x00, 0x00, 0x0F, 0x00, 0x00, 0x03, 0xC0, 0x00, 0x00, 0xF0,
  0x00, 0x00, 0x3C, 0x00, 0x00, 0x0F, 0x00, 0x00, 0x03, 0xC0, 0x00, 0x00,
  0xF0, 0x00, 0x00, 0x3C, 0x00, 0x00, 0x0F, 0x00, 0x00, 0x03, 0xC0, 0x00,
  0x00, 0xF0, 0x00, 0x00, 0x3C, 0x00, 0x00, 0x0F, 0x00, 0x00, 0x03, 0xC0,
  0x00, 0x00, 0xF0, 0x00, 0x00, 0x3C, 0x00, 0x00, 0x0F, 0x00, 0x00, 0x03,
  0xFF, 0xFF, 0xFF, 0xFF, 0xFF, 0xFF, 0xF0, 0xFF, 0xFF, 0xFF, 0xFF, 0xFF,
  0xFF, 0xFC, 0x00, 0x00, 0x0F, 0x00, 0x00, 0x03, 0xC0, 0x00, 0x00, 0xF0,
  0x00, 0x00, 0x3C, 0x00, 0x00, 0x0F, 0x00, 0x00, 0x03, 0xC0, 0x00, 0x00,
  0xF0, 0x00, 0x00, 0x3C, 0x00, 0x00, 0x0F, 0x00, 0x00, 0x03, 0xC0, 0x00,
  0x00, 0xF0, 0x00, 0x00, 0x3C, 0x00, 0x00, 0x0F, 0x00, 0x00, 0x03, 0xC0,
  0x00, 0x00, 0xF0, 0x00, 0x00, 0x3C, 0x00, 0x00, 0x0F, 0x00, 0x00, 0x03,
  0xC0, 0x00, 0x00, 0xF0, 0x00, 0x00, 0x3C, 0x00, 0x00, 0x0F, 0x00, 0x00,
  0x03, 0xFF, 0xFF, 0xFF, 0xFF, 0xFF, 0xFF, 0xF0, 0xFF, 0xFF, 0xFF, 0xFF,
  0xFF, 0xFF, 0xFC, 0x00, 0x00, 0x0F, 0x00, 0x00, 0x03, 0xC0, 0x00, 0x00,
  0xF0, 0x00, 0x00, 0x3C, 0x00, 0x00, 0x0F, 0x00, 0x00, 0x03, 0xC0, 0x00,
  0x00, 0xF0, 0x00, 0x00, 0x3C, 0x00, 0x00, 0x0F, 0x00, 0x00, 0x03, 0xC0,
  0x00, 0x00, 0xF0, 0x00, 0x00, 0x3C, 0x00, 0x00, 0x0F, 0x00, 0x00, 0x03,
  0xC0, 0x00, 0x00, 0xF0, 0x00, 0x00, 0x3C, 0x00, 0x00, 0x0F, 0x00, 0x00,
  0x03, 0xC0, 0x00, 0x00, 0xF0, 0x00, 0x00, 0x3C, 0x00, 0x00, 0x0F, 0x00,
  0x00, 0x03, 0xFF, 0xFF, 0xFF, 0xFF, 0xFF, 0xFF, 0xF0, 0xFF, 0xFF, 0xFF,
  0xFF, 0xFF, 0xFF, 0xFC, 0x00, 0x00, 0x0F, 0x00, 0x00, 0x03, 0xC0, 0x00,
  0x00, 0xF0, 0x00, 0x00, 0x3C, 0x00, 0x00, 0x0F, 0x00, 0x00, 0x03, 0xC0,
  0x00, 0x00, 0xF0, 0x00, 0x00, 0x3C, 0x00, 0x00, 0x0F, 0x00, 0x00, 0x03,
  0xC0, 0x00, 0x00, 0xF0, 0x00, 0x00, 0x3C, 0x00, 0x00, 0x0F, 0x00, 0x00,
  0x03, 0xC0, 0x00, 0x00, 0xF0, 0x00, 0x00, 0x3C, 0x00, 0x00, 0x0F, 0x00,
  0x00, 0x03, 0xC0, 0x00, 0x00, 0xF0, 0x00, 0x00, 0x3C, 0x00, 0x00, 0x0F,
  0x00, 0x00, 0x03, 0xFF, 0xFF, 0xFF, 0xFF, 0xFF, 0xFF, 0xF0, 0xFF, 0xFF,
  0xFF, 0xFF, 0xFF, 0xFF, 0xFC, 0x00, 0x00, 0x0F, 0x00, 0x00, 0x03, 0xC0,
  0x00, 0x00, 0xF0, 0x00, 0x00, 0x3C, 0x00, 0x00, 0x0F, 0x00, 0x00, 0x03,
  0xC0, 0x00, 0x00, 0xF0, 0x00, 0x00, 0x3C, 0x00, 0x00, 0x0F, 0x00, 0x00,
  0x03, 0xC0, 0x00, 0x00, 0xF0, 0x00, 0x00, 0x3C, 0x00, 0x00, 0x0F, 0x00,
  0x00, 0x03, 0xC0, 0x00, 0x00, 0xF0, 0x00, 0x00, 0x3C, 0x00, 0x00, 0x0F,
  0x00, 0x00, 0x03, 0xC0, 0x00, 0x00, 0xF0, 0x00, 0x00, 0x3C, 0x00, 0x00,
  0x0F, 0x00, 0x00, 0x03, 0xFF, 0xFF, 0xFF, 0xFF, 0xFF, 0xFF, 0xF0, 0xFF,
  0xFF, 0xFF, 0xFF, 0xFF, 0xFF, 0xFC, 0x00, 0x00, 0x0F, 0x00, 0x00, 0x03,
  0xC0, 0x00, 0x00, 0xF0, 0x00, 0x00, 0x3C, 0x00, 0x00, 0x0F, 0x00, 0x00,
  0x03, 0xC0, 0x00, 0x00, 0xF0, 0x00, 0x00, 0x3C, 0x00, 0x00, 0x0F, 0x00,
  0x00, 0x03, 0xC0, 0x00, 0x00, 0xF0, 0x00, 0x00, 0x3C, 0x00, 0x00, 0x0F,
  0x00, 0x00, 0x03, 0xC0, 0x00, 0x00, 0xF0, 0x00, 0x00, 0x3C, 0x00, 0x00,
  0x0F, 0x00, 0x00, 0x03, 0xC0, 0x00, 0x00, 0xF0, 0x00, 0x00, 0x3C, 0x00,
  0x00, 0x0F, 0x00, 0x00, 0x03, 0xFF, 0xFF, 0xFF, 0xFF, 0xFF, 0xFF, 0xF0,
  0xFF, 0xFF, 0xFF, 0xFF, 0xFF, 0xFF, 0xFC, 0x00, 0x00, 0x0F, 0x00, 0x00,
  0x03, 0xC0, 0x00, 0x00, 0xF0, 0x00, 0x00, 0x3C, 0x00, 0x00, 0x0F, 0x00,
  0x00, 0x03, 0xC0, 0x00, 0x00, 0xF0, 0x00, 0x00, 0x3C, 0x00, 0x00, 0x0F,
  0x00, 0x00, 0x03, 0xC0, 0x00, 0x00, 0xF0, 0x00, 0x00, 0x3C, 0x00, 0x00,
  0x0F, 0x00, 0x00, 0x03, 0xC0, 0x00, 0x00, 0xF0, 0x00, 0x00, 0x3C, 0x00,
  0x00, 0x0F, 0x00, 0x00, 0x03, 0xC0, 0x00, 0x00, 0xF0, 0x00, 0x00, 0x3C,
  0x00, 0x00, 0x0F, 0x00, 0x00, 0x03, 0xFF, 0xFF, 0xFF, 0xFF, 0xFF, 0xFF,
  0xF0, 0xFF, 0xFF, 0xFF, 0xFF, 0xFF, 0xFF, 0xFC, 0x00, 0x00, 0x0F, 0x00,
  0x00, 0x03, 0xC0, 0x00, 0x00, 0xF0, 0x00, 0x00, 0x3C, 0x00, 0x00, 0x0F,
  0x00, 0x00, 0x03, 0xC0, 0x00, 0x00, 0xF0, 0x00, 0x00, 0x3C, 0x00, 0x00,
  0x0F, 0x00, 0x00, 0x03, 0xC0, 0x00, 0x00, 0xF0, 0x00, 0x00, 0x3C, 0x00,
  0x00, 0x0F, 0x00, 0x00, 0x03, 0xC0, 0x00, 0x00, 0xF0, 0x00, 0x00, 0x3C,
  0x00, 0x00, 0x0F, 0x00, 0x00, 0x03, 0xC0, 0x00, 0x00, 0xF0, 0x00, 0x00,
  0x3C, 0x00, 0x00, 0x0F, 0x00, 0x00, 0x03, 0xFF, 0xFF, 0xFF, 0xFF, 0xFF,
  0xFF, 0xF0, 0xFF, 0xFF, 0xFF, 0xFF, 0xFF, 0xFF, 0xFC, 0x00, 0x00, 0x0F,
  0x00, 0x00, 0x03, 0xC0, 0x00, 0x00, 0xF0, 0x00, 0x00, 0x3C, 0x00, 0x00,
  0x0F, 0x00, 0x00, 0x03, 0xC0, 0x00, 0x00, 0xF0, 0x00, 0x00, 0x3C, 0x00,
  0x00, 0x0F, 0x00, 0x00, 0x03, 0xC0, 0x00, 0x00, 0xF0, 0x00, 0x00, 0x3C,
  0x00, 0x00, 0x0F, 0x00, 0x00, 0x03, 0xC0, 0x00, 0x00, 0xF0, 0x00, 0x00,
  0x3C, 0x00, 0x00, 0x0F, 0x00, 0x00, 0x03, 0xC0, 0x00, 0x00, 0xF0, 0x00,
  0x00, 0x3C, 0x00, 0x00, 0x0F, 0x00, 0x00, 0x03, 0xFF, 0xFF, 0xFF, 0xFF,
  0xFF, 0xFF, 0xF0, 0xFF, 0xFF, 0xFF, 0xFF, 0xFF, 0xFF, 0xFC, 0x00, 0x00,
  0x0F, 0x00, 0x00, 0x03, 0xC0, 0x00, 0x00, 0xF0, 0x00, 0x00, 0x3C, 0x00,
  0x00, 0x0F, 0x00, 0x00, 0x03, 0xC0, 0x00, 0x00, 0xF0, 0x00, 0x00, 0x3C,
  0x00, 0x00, 0x0F, 0x00, 0x00, 0x03, 0xC0, 0x00, 0x00, 0xF0, 0x00, 0x00,
  0x3C, 0x00, 0x00, 0x0F, 0x00, 0x00, 0x03, 0xC0, 0x00, 0x00, 0xF0, 0x00,
  0x00, 0x3C, 0x00, 0x00, 0x0F, 0x00, 0x00, 0x03, 0xC0, 0x00, 0x00, 0xF0,
  0x00, 0x00, 0x3C, 0x00, 0x00, 0x0F, 0x00, 0x00, 0x03, 0xFF, 0xFF, 0xFF,
  0xFF, 0xFF, 0xFF, 0xF0, 0xFF, 0xFF, 0xFF, 0xFF, 0xFF, 0xFF, 0xFC, 0x00,
  0x00, 0x0F, 0x00, 0x00, 0x03, 0xC0, 0x00, 0x00, 0xF0, 0x00, 0x00, 0x3C,
  0x00, 0x00, 0x0F, 0x00, 0x00, 0x03, 0xC0, 0x00, 0x00, 0xF0, 0x00, 0x00,
  0x3C, 0x00, 0x00, 0x0F, 0x00, 0x00, 0x03, 0xC0, 0x00, 0x00, 0xF0, 0x00,
  0x00, 0x3C, 0x00, 0x00, 0x0F, 0x00, 0x00, 0x03, 0xC0, 0x00, 0x00, 0xF0,
  0x00, 0x00, 0x3C, 0x00, 0x00, 0x0F, 0x00, 0x00, 0x03, 0xC0, 0x00, 0x00,
  0xF0, 0x00, 0x00, 0x3C, 0x00, 0x00, 0x0F, 0x00, 0x00, 0x03, 0xFF, 0xFF,
  0xFF, 0xFF, 0xFF, 0xFF, 0xF0, 0xFF, 0xFF, 0xFF, 0xFF, 0xFF, 0xFF, 0xFC,
  0x00, 0x00, 0x0F, 0x00, 0x00, 0x03, 0xC0, 0x00, 0x00, 0xF0, 0x00, 0x00,
  0x3C, 0x00, 0x00, 0x0F, 0x00, 0x00, 0x03, 0xC0, 0x00, 0x00, 0xF0, 0x00,
  0x00, 0x3C, 0x00, 0x00, 0x0F, 0x00, 0x00, 0x03, 0xC0, 0x00, 0x00, 0xF0,
  0x00, 0x00, 0x3C, 0x00, 0x00, 0x0F, 0x00, 0x00, 0x03, 0xC0, 0x00, 0x00,
  0xF0, 0x00, 0x00, 0x3C, 0x00, 0x00, 0x0F, 0x00, 0x00, 0x03, 0xC0, 0x00,
  0x00, 0xF0, 0x00, 0x00, 0x3C, 0x00, 0x00, 0x0F, 0x00, 0x00, 0x03, 0xFF,
  0xFF, 0xFF, 0xFF, 0xFF, 0xFF, 0xF0, 0xFF, 0xFF, 0xFF, 0xFF, 0xFF, 0xFF,
  0xFC, 0x00, 0x00, 0x0F, 0x00, 0x00, 0x03, 0xC0, 0x00, 0x00, 0xF0, 0x00,
  0x00, 0x3C, 0x00, 0x00, 0x0F, 0x00, 0x00, 0x03, 0xC0, 0x00, 0x00, 0xF0,
  0x00, 0x00, 0x3C, 0x00, 0x00, 0x0F, 0x00, 0x00, 0x03, 0xC0, 0x00, 0x00,
  0xF0, 0x00, 0x00, 0x3C, 0x00, 0x00, 0x0F, 0x00, 0x00, 0x03, 0xC0, 0x00,
  0x00, 0xF0, 0x00, 0x00, 0x3C, 0x00, 0x00, 0x0F, 0x00, 0x00, 0x03, 0xC0,
  0x00, 0x00, 0xF0, 0x00, 0x00, 0x3C, 0x00, 0x00, 0x0F, 0x00, 0x00, 0x03,
  0xFF, 0xFF, 0xFF, 0xFF, 0xFF, 0xFF, 0xF0, 0xFF, 0xFF, 0xFF, 0xFF, 0xFF,
  0xFF, 0xFC, 0x00, 0x00, 0x0F, 0x00, 0x00, 0x03, 0xC0, 0x00, 0x00, 0xF0,
  0x00, 0x00, 0x3C, 0x00, 0x00, 0x0F, 0x00, 0x00, 0x03, 0xC0, 0x00, 0x00,
  0xF0, 0x00, 0x00, 0x3C, 0x00, 0x00, 0x0F, 0x00, 0x00, 0x03, 0xC0, 0x00,
  0x00, 0xF0, 0x00, 0x00, 0x3C, 0x00, 0x00, 0x0F, 0x00, 0x00, 0x03, 0xC0,
  0x00, 0x00, 0xF0, 0x00, 0x00, 0x3C, 0x00, 0x00, 0x0F, 0x00, 0x00, 0x03,
  0xC0, 0x00, 0x00, 0xF0, 0x00, 0x00, 0x3C, 0x00, 0x00, 0x0F, 0x00, 0x00,
  0x03, 0xFF, 0xFF, 0xFF, 0xFF, 0xFF, 0xFF, 0xF0, 0xFF, 0xFF, 0xFF, 0xFF,
  0xFF, 0xFF, 0xFC, 0x00, 0x00, 0x0F, 0x00, 0x00, 0x03, 0xC0, 0x00, 0x00,
  0xF0, 0x00, 0x00, 0x3C, 0x00, 0x00, 0x0F, 0x00, 0x00, 0x03, 0xC0, 0x00,
  0x00, 0xF0, 0x00, 0x00, 0x3C, 0x00, 0x00, 0x0F, 0x00, 0x00, 0x03, 0xC0,
  0x00, 0x00, 0xF0, 0x00, 0x00, 0x3C, 0x00, 0x00, 0x0F, 0x00, 0x00, 0x03,
  0xC0, 0x00, 0x00, 0xF0, 0x00, 0x00, 0x3C, 0x00, 0x00, 0x0F, 0x00, 0x00,
  0x03, 0xC0, 0x00, 0x00, 0xF0, 0x00, 0x00, 0x3C, 0x00, 0x00, 0x0F, 0x00,
  0x00, 0x03, 0xFF, 0xFF, 0xFF, 0xFF, 0xFF, 0xFF, 0xF0, 0xFF, 0xFF, 0xFF,
  0xFF, 0xFF, 0xFF, 0xFC, 0x00, 0x00, 0x0F, 0x00, 0x00, 0x03, 0xC0, 0x00,
  0x00, 0xF0, 0x00, 0x00, 0x3C, 0x00, 0x00, 0x0F, 0x00, 0x00, 0x03, 0xC0,
  0x00, 0x00, 0xF0, 0x00, 0x00, 0x3C, 0x00, 0x00, 0x0F, 0x00, 0x00, 0x03,
  0xC0, 0x00, 0x00, 0xF0, 0x00, 0x00, 0x3C, 0x00, 0x00, 0x0F, 0x00, 0x00,
  0x03, 0xC0, 0x00, 0x00, 0xF0, 0x00, 0x00, 0x3C, 0x00, 0x00, 0x0F, 0x00,
  0x00, 0x03, 0xC0, 0x00, 0x00, 0xF0, 0x00, 0x00, 0x3C, 0x00, 0x00, 0x0F,
  0x00, 0x00, 0x03, 0xFF, 0xFF, 0xFF, 0xFF, 0xFF, 0xFF, 0xF0, 0xFF, 0xFF,
  0xFF, 0xFF, 0xFF, 0xFF, 0xFC, 0x00, 0x00, 0x0F, 0x00, 0x00, 0x03, 0xC0,
  0x00, 0x00, 0xF0, 0x00, 0x00, 0x3C, 0x00, 0x00, 0x0F, 0x00, 0x00, 0x03,
  0xC0, 0x00, 0x00, 0xF0, 0x00, 0x00, 0x3C, 0x00, 0x00, 0x0F, 0x00, 0x00,
  0x03, 0xC0, 0x00, 0x00, 0xF0, 0x00, 0x00, 0x3C, 0x00, 0x00, 0x0F, 0x00,
  0x00, 0x03, 0xC0, 0x00, 0x00, 0xF0, 0x00, 0x00, 0x3C, 0x00, 0x00, 0x0F,
  0x00, 0x00, 0x03, 0xC0, 0x00, 0x00, 0xF0, 0x00, 0x00, 0x3C, 0x00, 0x00,
  0x0F, 0x00, 0x00, 0x03, 0xFF, 0xFF, 0xFF, 0xFF, 0xFF, 0xFF, 0xF0, 0xFF,
  0xFF, 0xFF, 0xFF, 0xFF, 0xFF, 0xFC, 0x00, 0x00, 0x0F, 0x00, 0x00, 0x03,
  0xC0, 0x00, 0x00, 0xF0, 0x00, 0x00, 0x3C, 0x00, 0x00, 0x0F, 0x00, 0x00,
  0x03, 0xC0, 0x00, 0x00, 0xF0, 0x00, 0x00, 0x3C, 0x00, 0x00, 0x0F, 0x00,
  0x00, 0x03, 0xC0, 0x00, 0x00, 0xF0, 0x00, 0x00, 0x3C, 0x00, 0x00, 0x0F,
  0x00, 0x00, 0x03, 0xC0, 0x00, 0x00, 0xF0, 0x00, 0x00, 0x3C, 0x00, 0x00,
  0x0F, 0x00, 0x00, 0x03, 0xC0, 0x00, 0x00, 0xF0, 0x00, 0x00, 0x3C, 0x00,
  0x00, 0x0F, 0x00, 0x00, 0x03, 0xFF, 0xFF, 0xFF, 0xFF, 0xFF, 0xFF, 0xF0,
  0xFF, 0xFF, 0xFF, 0xFF, 0xFF, 0xFF, 0xFC, 0x00, 0x00, 0x0F, 0x00, 0x00,
  0x03, 0xC0, 0x00, 0x00, 0xF0, 0x00, 0x00, 0x3C, 0x00, 0x00, 0x0F, 0x00,
  0x00, 0x03, 0xC0, 0x00, 0x00, 0xF0, 0x00, 0x00, 0x3C, 0x00, 0x00, 0x0F,
  0x00, 0x00, 0x03, 0xC0, 0x00, 0x00, 0xF0, 0x00, 0x00, 0x3C, 0x00, 0x00,
  0x0F, 0x00, 0x00, 0x03, 0xC0, 0x00, 0x00, 0xF0, 0x00, 0x00, 0x3C, 0x00,
  0x00, 0x0F, 0x00, 0x00, 0x03, 0xC0, 0x00, 0x00, 0xF0, 0x00, 0x00, 0x3C,
  0x00, 0x00, 0x0F, 0x00, 0x00, 0x03, 0xFF, 0xFF, 0xFF, 0xFF, 0xFF, 0xFF,
  0xF0, 0xFF, 0xFF, 0xFF, 0xFF, 0xFF, 0xFF, 0xFC, 0x00, 0x00, 0x0F, 0x00,
  0x00, 0x03, 0xC0, 0x00, 0x00, 0xF0, 0x00, 0x00, 0x3C, 0x00, 0x00, 0x0F,
  0x00, 0x00, 0x03, 0xC0, 0x00, 0x00, 0xF0, 0x00, 0x00, 0x3C, 0x00, 0x00,
  0x0F, 0x00, 0x00, 0x03, 0xC0, 0x00, 0x00, 0xF0, 0x00, 0x00, 0x3C, 0x00,
  0x00, 0x0F, 0x00, 0x00, 0x03, 0xC0, 0x00, 0x00, 0xF0, 0x00, 0x00, 0x3C,
  0x00, 0x00, 0x0F, 0x00, 0x00, 0x03, 0xC0, 0x00, 0x00, 0xF0, 0x00, 0x00,
  0x3C, 0x00, 0x00, 0x0F, 0x00, 0x00, 0x03, 0xFF, 0xFF, 0xFF, 0xFF, 0xFF,
  0xFF, 0xF0, 0xFF, 0xFF, 0xFF, 0xFF, 0xFF, 0xFF, 0xFC, 0x00, 0x00, 0x0F,
  0x00, 0x00, 0x03, 0xC0, 0x00, 0x00, 0xF0, 0x00, 0x00, 0x3C, 0x00, 0x00,
  0x0F, 0x00, 0x00, 0x03, 0xC0, 0x00, 0x00, 0xF0, 0x00, 0x00, 0x3C, 0x00,
  0x00, 0x0F, 0x00, 0x00, 0x03, 0xC0, 0x00, 0x00, 0xF0, 0x00, 0x00, 0x3C,
  0x00, 0x00, 0x0F, 0x00, 0x00, 0x03, 0xC0, 0x00, 0x00, 0xF0, 0x00, 0x00,
  0x3C, 0x00, 0x00, 0x0F, 0x00, 0x00, 0x03, 0xC0, 0x00, 0x00, 0xF0, 0x00,
  0x00, 0x3C, 0x00, 0x00, 0x0F, 0x00, 0x00, 0x03, 0xFF, 0xFF, 0xFF, 0xFF,
  0xFF, 0xFF, 0xF0, 0x00, 0xFF, 0xF0, 0x07, 0xFF, 0xFF, 0xFF, 0xFF, 0xFF,
  0xFF, 0xE0, 0x00, 0xC0, 0x01, 0x80, 0x03, 0x00, 0x06, 0x00, 0x0C, 0x00,
  0x18, 0x00, 0xFE, 0x07, 0xFF, 0x1F, 0xFE, 0x7D, 0x9D, 0xE3, 0x0B, 0x86,
  0x0E, 0x0C, 0x1C, 0x18, 0x38, 0x30, 0x70, 0x60, 0xE0, 0xC1, 0xC1, 0x83,
  0x83, 0x03, 0x86, 0x07, 0x8C, 0x27, 0x99, 0xCF, 0xFF, 0x87, 0xFF, 0x03,
  0xF8, 0x01, 0x80, 0x03, 0x00, 0x06, 0x00, 0x0C, 0x00, 0x18, 0x00, 0x30,
  0x00, 0x01, 0xFC, 0x03, 0xFE, 0x07, 0xFE, 0x0F, 0x06, 0x1E, 0x00, 0x1C,
  0x00, 0x1C, 0x00, 0x1C, 0x00, 0x1C, 0x00, 0x1C, 0x00, 0x1C, 0x00, 0x1C,
  0x00, 0x1C, 0x00, 0x7F, 0xF8, 0x7F, 0xF8, 0x7F, 0xF8, 0x1C, 0x00, 0x1C,
  0x00, 0x1C, 0x00, 0x18, 0x00, 0x38, 0x00, 0x30, 0x00, 0xE0, 0x00, 0xFF,
  0xFF, 0xFF, 0xFF, 0xFF, 0xFF, 0x00, 0x00, 0x30, 0x01, 0x9C, 0x01, 0xC7,
  0x7D, 0xC1, 0xFF, 0xC0, 0x7F, 0xC0, 0x78, 0xF0, 0x38, 0x38, 0x1C, 0x1C,
  0x0E, 0x0E, 0x07, 0x8F, 0x01, 0xFF, 0x01, 0xFF, 0xC1, 0xDF, 0x71, 0xC0,
  0x1C, 0xC0, 0x06, 0x00, 0x00, 0x00, 0xF0, 0x01, 0xEE, 0x00, 0x39, 0xE0,
  0x0F, 0x1C, 0x01, 0xC1, 0xC0, 0x70, 0x38, 0x1E, 0x03, 0x83, 0x80, 0x78,
  0xF0, 0x07, 0x1C, 0x00, 0xF7, 0x00, 0x0E, 0xE0, 0x00, 0xF8, 0x00, 0x1F,
  0x00, 0x01, 0xC0, 0x00, 0x38, 0x01, 0xFF, 0xFC, 0x3F, 0xFF, 0x87, 0xFF,
  0xF0, 0x03, 0x80, 0x00, 0x70, 0x00, 0x0E, 0x00, 0x01, 0xC0, 0x00, 0x38,
  0x00, 0x07, 0x00, 0x00, 0xE0, 0x00, 0xFF, 0xFF, 0xFF, 0xFF, 0xFF, 0xC0,
  0x00, 0x0F, 0xFF, 0xFF, 0xFF, 0xFF, 0xFC, 0x07, 0xF8, 0x3F, 0xF8, 0xFF,
  0xF1, 0xE0, 0x67, 0x00, 0x0E, 0x00, 0x1C, 0x00, 0x38, 0x00, 0x78, 0x00,
  0x7C, 0x00, 0x7F, 0x80, 0x7F, 0xC3, 0x9F, 0xCE, 0x07, 0x98, 0x07, 0xF0,
  0x07, 0xE0, 0x0F, 0xC0, 0x1F, 0xC0, 0x3B, 0xC0, 0xE7, 0xF3, 0x87, 0xFE,
  0x01, 0xFE, 0x00, 0x7E, 0x00, 0x1E, 0x00, 0x1C, 0x00, 0x38, 0x00, 0x70,
  0x01, 0xEC, 0x07, 0x9F, 0xFF, 0x3F, 0xF8, 0x3F, 0xC0, 0xE1, 0xF8, 0x7E,
  0x1C, 0x00, 0x1F, 0xE0, 0x00, 0x03, 0xFF, 0xF0, 0x00, 0x1E, 0x01, 0xE0,
  0x01, 0xE0, 0x01, 0xE0, 0x0E, 0x00, 0x01, 0xC0, 0x70, 0x00, 0x03, 0x81,
  0x80, 0x00, 0x06, 0x0C, 0x01, 0xF8, 0x0C, 0x70, 0x1F, 0xF8, 0x39, 0x80,
  0xF0, 0xE0, 0x66, 0x07, 0x00, 0x81, 0xB0, 0x1C, 0x00, 0x03, 0xC0, 0xE0,
  0x00, 0x0F, 0x03, 0x80, 0x00, 0x3C, 0x0E, 0x00, 0x00, 0xF0, 0x38, 0x00,
  0x03, 0xC0, 0xE0, 0x00, 0x0F, 0x03, 0x80, 0x00, 0x3C, 0x07, 0x00, 0x00,
  0xD8, 0x1C, 0x02, 0x06, 0x60, 0x3C, 0x38, 0x19, 0xC0, 0x7F, 0xE0, 0xE3,
  0x00, 0x7E, 0x03, 0x06, 0x00, 0x00, 0x18, 0x1C, 0x00, 0x00, 0xE0, 0x38,
  0x00, 0x07, 0x00, 0x78, 0x00, 0x78, 0x00, 0x78, 0x07, 0x80, 0x00, 0xFF,
  0xFC, 0x00, 0x00, 0x7F, 0x80, 0x00, 0x3F, 0xC3, 0xFF, 0x1F, 0xFC, 0xC0,
  0xF0, 0x03, 0x80, 0x1C, 0x1F, 0xE7, 0xFF, 0x7C, 0x3F, 0x81, 0xF8, 0x0F,
  0xC0, 0x7E, 0x03, 0xF8, 0x7D, 0xFF, 0xEF, 0xF7, 0x1F, 0x38, 0x00, 0x81,
  0x01, 0x83, 0x03, 0x87, 0x07, 0x8F, 0x0F, 0x1E, 0x1E, 0x3C, 0x78, 0x70,
  0xF0, 0xE0, 0xE0, 0xE0, 0xF0, 0x70, 0x78, 0x3C, 0x1E, 0x1E, 0x0F, 0x0F,
  0x07, 0x87, 0x03, 0x83, 0x01, 0x81, 0x00, 0x80, 0xFF, 0xFF, 0xFF, 0xFF,
  0xFF, 0xFF, 0xFF, 0xF0, 0x00, 0x07, 0x00, 0x00, 0x70, 0x00, 0x07, 0x00,
  0x00, 0x70, 0x00, 0x07, 0x00, 0x00, 0x70, 0x00, 0x07, 0x00, 0x00, 0x70,
  0x00, 0x07, 0xFF, 0xFF, 0xFF, 0xFC, 0x00, 0x1F, 0xE0, 0x00, 0x03, 0xFF,
  0xF0, 0x00, 0x1E, 0x01, 0xE0, 0x01, 0xE0, 0x01, 0xE0, 0x0E, 0x00, 0x01,
  0xC0, 0x70, 0x00, 0x03, 0x81, 0x80, 0x00, 0x06, 0x0C, 0x0F, 0xF0, 0x0C,
  0x70, 0x3F, 0xF0, 0x39, 0x80, 0xE1, 0xE0, 0x66, 0x03, 0x83, 0x81, 0xB0,
  0x0E, 0x0E, 0x03, 0xC0, 0x38, 0x38, 0x0F, 0x00, 0xE0, 0xE0, 0x3C, 0x03,
  0x87, 0x00, 0xF0, 0x0F, 0xF8, 0x03, 0xC0, 0x3F, 0xC0, 0x0F, 0x00, 0xE7,
  0x80, 0x3C, 0x03, 0x8F, 0x00, 0xD8, 0x0E, 0x1E, 0x06, 0x60, 0x38, 0x3C,
  0x19, 0xC0, 0xE0, 0x78, 0xE3, 0x03, 0x80, 0xF3, 0x06, 0x00, 0x00, 0x18,
  0x1C, 0x00, 0x00, 0xE0, 0x38, 0x00, 0x07, 0x00, 0x78, 0x00, 0x78, 0x00,
  0x78, 0x07, 0x80, 0x00, 0xFF, 0xFC, 0x00, 0x00, 0x7F, 0x80, 0x00, 0xFF,
  0xFF, 0xFF, 0xFF, 0xFF, 0x0F, 0x81, 0xFF, 0x1F, 0xFC, 0xF1, 0xEF, 0x07,
  0xF0, 0x1F, 0x80, 0xFC, 0x07, 0xF0, 0x7B, 0xC7, 0x9F, 0xFC, 0x7F, 0xC0,
  0xF8, 0x00, 0x00, 0x70, 0x00, 0x03, 0x80, 0x00, 0x1C, 0x00, 0x00, 0xE0,
  0x00, 0x07, 0x00, 0x00, 0x38, 0x00, 0x01, 0xC0, 0x00, 0x0E, 0x00, 0x00,
  0x70, 0x07, 0xFF, 0xFF, 0xFF, 0xFF, 0xFF, 0xFF, 0xFF, 0xF0, 0x07, 0x00,
  0x00, 0x38, 0x00, 0x01, 0xC0, 0x00, 0x0E, 0x00, 0x00, 0x70, 0x00, 0x03,
  0x80, 0x00, 0x1C, 0x01, 0xFF, 0xFF, 0xFF, 0xFF, 0xFF, 0xFF, 0xFF, 0xFC,
  0x3F, 0x0F, 0xFC, 0xE1, 0xC8, 0x0E, 0x00, 0xE0, 0x0E, 0x00, 0xE0, 0x1E,
  0x01, 0xC0, 0x38, 0x07, 0x80, 0xF0, 0x1C, 0x03, 0x80, 0xF0, 0x0F, 0xFF,
  0xFF, 0xF0, 0x3F, 0x1F, 0xFB, 0x87, 0x40, 0x70, 0x0E, 0x01, 0xC0, 0x38,
  0x0E, 0x1F, 0x03, 0xF0, 0x07, 0x00, 0x70, 0x0E, 0x01, 0xE0, 0x3E, 0x0E,
  0xFF, 0xCF, 0xE0, 0x1E, 0x78, 0xE3, 0x87, 0x1C, 0x00, 0xE0, 0x07, 0xE0,
  0x07, 0xE0, 0x07, 0xE0, 0x07, 0xE0, 0x07, 0xE0, 0x07, 0xE0, 0x07, 0xE0,
  0x07, 0xE0, 0x07, 0xE0, 0x07, 0xE0, 0x07, 0xE0, 0x07, 0xE0, 0x07, 0xE0,
  0x07, 0xE0, 0x07, 0xF8, 0x1F, 0xFF, 0xFF, 0xEF, 0xF7, 0xE7, 0xE7, 0xE0,
  0x00, 0xE0, 0x00, 0xE0, 0x00, 0xE0, 0x00, 0xE0, 0x00, 0xE0, 0x00, 0xE0,
  0x00, 0x07, 0xFF, 0x1F, 0xFF, 0x3F, 0xE7, 0x7F, 0xE7, 0xFF, 0xE7, 0xFF,
  0xE7, 0xFF, 0xE7, 0xFF, 0xE7, 0xFF, 0xE7, 0xFF, 0xE7, 0x7F, 0xE7, 0x7F,
  0xE7, 0x3F, 0xE7, 0x1F, 0xE7, 0x07, 0xE7, 0x00, 0xE7, 0x00, 0xE7, 0x00,
  0xE7, 0x00, 0xE7, 0x00, 0xE7, 0x00, 0xE7, 0x00, 0xE7, 0x00, 0xE7, 0x00,
  0xE7, 0x00, 0xE7, 0x00, 0xE7, 0x00, 0xE7, 0x00, 0xE7, 0x00, 0xE7, 0x00,
  0xE7, 0x00, 0xE7, 0xFF, 0xFF, 0xF0, 0x07, 0x07, 0x07, 0x8F, 0xFE, 0xFE,
  0xF8, 0x1C, 0x0E, 0x3F, 0x1F, 0x81, 0xC0, 0xE0, 0x70, 0x38, 0x1C, 0x0E,
  0x07, 0x03, 0x81, 0xC0, 0xE3, 0xFF, 0xFF, 0x0F, 0xC0, 0x7F, 0x83, 0xFF,
  0x1E, 0x1E, 0x70, 0x3B, 0x80, 0x7E, 0x01, 0xF8, 0x07, 0xE0, 0x1F, 0x80,
  0x7E, 0x01, 0xF8, 0x07, 0x70, 0x39, 0xE1, 0xE3, 0xFF, 0x07, 0xF8, 0x0F,
  0xC0, 0x81, 0x00, 0xC1, 0x80, 0xE1, 0xC0, 0xF1, 0xE0, 0x78, 0xF0, 0x3C,
  0x78, 0x0E, 0x1E, 0x07, 0x0F, 0x07, 0x07, 0x0E, 0x0F, 0x3C, 0x1E, 0x78,
  0x78, 0xF0, 0xF0, 0xE1, 0xE0, 0xC1, 0xC0, 0x81, 0x80, 0x01, 0x00, 0x0E,
  0x00, 0x38, 0x00, 0xE0, 0x07, 0x00, 0xFE, 0x00, 0x70, 0x0F, 0xE0, 0x0E,
  0x00, 0x0E, 0x00, 0xE0, 0x00, 0xE0, 0x1C, 0x00, 0x0E, 0x01, 0xC0, 0x00,
  0xE0, 0x38, 0x00, 0x0E, 0x03, 0x80, 0x00, 0xE0, 0x70, 0x38, 0x0E, 0x06,
  0x07, 0x80, 0xE0, 0xE0, 0xF8, 0x0E, 0x0C, 0x1F, 0x80, 0xE1, 0xC1, 0xB8,
  0x0E, 0x18, 0x33, 0x80, 0xE3, 0x87, 0x38, 0x00, 0x70, 0xE3, 0x80, 0x07,
  0x1C, 0x38, 0x00, 0xE1, 0x83, 0x80, 0x0E, 0x1F, 0xFF, 0x01, 0xC1, 0xFF,
  0xF0, 0x1C, 0x00, 0x38, 0x03, 0x80, 0x03, 0x80, 0x38, 0x00, 0x38, 0x07,
  0x00, 0x03, 0x80, 0x0E, 0x00, 0x38, 0x00, 0x1C, 0x00, 0xE0, 0x03, 0xF8,
  0x01, 0xC0, 0x07, 0xF0, 0x07, 0x00, 0x00, 0xE0, 0x0E, 0x00, 0x01, 0xC0,
  0x38, 0x00, 0x03, 0x80, 0x70, 0x00, 0x07, 0x01, 0xC0, 0x00, 0x0E, 0x03,
  0x80, 0x00, 0x1C, 0x0E, 0x0F, 0xC0, 0x38, 0x18, 0x7F, 0xE0, 0x70, 0x70,
  0xE1, 0xC0, 0xE0, 0xC1, 0x01, 0xC1, 0xC3, 0x80, 0x03, 0x83, 0x86, 0x00,
  0x07, 0x07, 0x1C, 0x00, 0x0E, 0x00, 0x70, 0x00, 0x38, 0x00, 0xE0, 0x00,
  0xF0, 0x03, 0x80, 0x03, 0xC0, 0x07, 0x00, 0x0F, 0x00, 0x1C, 0x00, 0x3C,
  0x00, 0x38, 0x01, 0xE0, 0x00, 0xE0, 0x07, 0x80, 0x01, 0xC0, 0x0F, 0xFF,
  0x07, 0x00, 0x1F, 0xFE, 0x3F, 0x00, 0x00, 0x03, 0xFF, 0x00, 0x38, 0x0E,
  0x1E, 0x01, 0xC0, 0x20, 0x38, 0x07, 0x00, 0x00, 0xE0, 0x38, 0x00, 0x03,
  0x80, 0xE0, 0x00, 0x1C, 0x07, 0x00, 0x07, 0xC0, 0x1C, 0x00, 0x1F, 0x80,
  0xE0, 0x00, 0x07, 0x03, 0x80, 0x00, 0x0E, 0x1C, 0x0E, 0x00, 0x38, 0x60,
  0x78, 0x00, 0xE3, 0x83, 0xE2, 0x03, 0x8C, 0x1F, 0x8C, 0x1C, 0x70, 0x6E,
  0x3F, 0xF1, 0x83, 0x38, 0x7F, 0x0E, 0x1C, 0xE0, 0x00, 0x70, 0xE3, 0x80,
  0x01, 0xC7, 0x0E, 0x00, 0x0E, 0x18, 0x38, 0x00, 0x38, 0x7F, 0xFC, 0x01,
  0xC1, 0xFF, 0xF0, 0x07, 0x00, 0x0E, 0x00, 0x38, 0x00, 0x38, 0x00, 0xE0,
  0x00, 0xE0, 0x07, 0x00, 0x03, 0x80, 0x01, 0xC0, 0x07, 0x00, 0x1C, 0x00,
  0x70, 0x00, 0x00, 0x00, 0x00, 0x00, 0x00, 0x70, 0x01, 0xC0, 0x07, 0x00,
  0x1C, 0x01, 0xF0, 0x1F, 0x00, 0xF8, 0x07, 0x80, 0x1C, 0x00, 0xE0, 0x03,
  0x80, 0x0E, 0x00, 0x38, 0x00, 0xF0, 0x05, 0xE0, 0x77, 0xFF, 0xCF, 0xFF,
  0x0F, 0xF0, 0x03, 0xC0, 0x00, 0x0F, 0x00, 0x00, 0x38, 0x00, 0x00, 0xE0,
  0x00, 0x07, 0x00, 0x00, 0x1C, 0x00, 0x00, 0x00, 0x00, 0x00, 0x00, 0x00,
  0x00, 0x00, 0x07, 0xC0, 0x00, 0x3E, 0x00, 0x01, 0xF0, 0x00, 0x1D, 0xC0,
  0x00, 0xEE, 0x00, 0x07, 0x70, 0x00, 0x71, 0xC0, 0x03, 0x8E, 0x00, 0x1C,
  0x70, 0x01, 0xC1, 0xC0, 0x0E, 0x0E, 0x00, 0x70, 0x70, 0x07, 0x01, 0xC0,
  0x38, 0x0E, 0x01, 0xC0, 0x70, 0x1F, 0xFF, 0xC0, 0xFF, 0xFE, 0x07, 0xFF,
  0xF0, 0x70, 0x01, 0xC3, 0x80, 0x0E, 0x1C, 0x00, 0x71, 0xC0, 0x01, 0xCE,
  0x00, 0x0E, 0xF0, 0x00, 0x77, 0x00, 0x01, 0xC0, 0x00, 0x1E, 0x00, 0x01,
  0xE0, 0x00, 0x0E, 0x00, 0x00, 0xE0, 0x00, 0x07, 0x00, 0x00, 0x70, 0x00,
  0x00, 0x00, 0x00, 0x00, 0x00, 0x00, 0x00, 0x00, 0x07, 0xC0, 0x00, 0x3E,
  0x00, 0x01, 0xF0, 0x00, 0x1D, 0xC0, 0x00, 0xEE, 0x00, 0x07, 0x70, 0x00,
  0x71, 0xC0, 0x03, 0x8E, 0x00, 0x1C, 0x70, 0x01, 0xC1, 0xC0, 0x0E, 0x0E,
  0x00, 0x70, 0x70, 0x07, 0x01, 0xC0, 0x38, 0x0E, 0x01, 0xC0, 0x70, 0x1F,
  0xFF, 0xC0, 0xFF, 0xFE, 0x07, 0xFF, 0xF0, 0x70, 0x01, 0xC3, 0x80, 0x0E,
  0x1C, 0x00, 0x71, 0xC0, 0x01, 0xCE, 0x00, 0x0E, 0xF0, 0x00, 0x77, 0x00,
  0x01, 0xC0, 0x00, 0x78, 0x00, 0x07, 0xE0, 0x00, 0x7F, 0x80, 0x03, 0x9C,
  0x00, 0x38, 0x70, 0x03, 0x81, 0xC0, 0x00, 0x00, 0x00, 0x00, 0x00, 0x00,
  0x00, 0x00, 0x07, 0xC0, 0x00, 0x3E, 0x00, 0x01, 0xF0, 0x00, 0x1D, 0xC0,
  0x00, 0xEE, 0x00, 0x07, 0x70, 0x00, 0x71, 0xC0, 0x03, 0x8E, 0x00, 0x1C,
  0x70, 0x01, 0xC1, 0xC0, 0x0E, 0x0E, 0x00, 0x70, 0x70, 0x07, 0x01, 0xC0,
  0x38, 0x0E, 0x01, 0xC0, 0x70, 0x1F, 0xFF, 0xC0, 0xFF, 0xFE, 0x07, 0xFF,
  0xF0, 0x70, 0x01, 0xC3, 0x80, 0x0E, 0x1C, 0x00, 0x71, 0xC0, 0x01, 0xCE,
  0x00, 0x0E, 0xF0, 0x00, 0x77, 0x00, 0x01, 0xC0, 0x03, 0xC1, 0xC0, 0x3F,
  0x8E, 0x01, 0x9E, 0xE0, 0x1C, 0x7F, 0x00, 0xE0, 0xF0, 0x00, 0x00, 0x00,
  0x00, 0x00, 0x00, 0x00, 0x00, 0x00, 0x00, 0x00, 0x07, 0xC0, 0x00, 0x3E,
  0x00, 0x01, 0xF0, 0x00, 0x1D, 0xC0, 0x00, 0xEE, 0x00, 0x07, 0x70, 0x00,
  0x71, 0xC0, 0x03, 0x8E, 0x00, 0x1C, 0x70, 0x01, 0xC1, 0xC0, 0x0E, 0x0E,
  0x00, 0x70, 0x70, 0x07, 0x01, 0xC0, 0x38, 0x0E, 0x01, 0xC0, 0x70, 0x1F,
  0xFF, 0xC0, 0xFF, 0xFE, 0x07, 0xFF, 0xF0, 0x70, 0x01, 0xC3, 0x80, 0x0E,
  0x1C, 0x00, 0x71, 0xC0, 0x01, 0xCE, 0x00, 0x0E, 0xF0, 0x00, 0x77, 0x00,
  0x01, 0xC0, 0x03, 0x87, 0x00, 0x1C, 0x38, 0x00, 0xE1, 0xC0, 0x00, 0x00,
  0x00, 0x00, 0x00, 0x00, 0x00, 0x00, 0x03, 0xE0, 0x00, 0x1F, 0x00, 0x00,
  0xF8, 0x00, 0x0E, 0xE0, 0x00, 0x77, 0x00, 0x03, 0xB8, 0x00, 0x38, 0xE0,
  0x01, 0xC7, 0x00, 0x0E, 0x38, 0x00, 0xE0, 0xE0, 0x07, 0x07, 0x00, 0x38,
  0x38, 0x03, 0x80, 0xE0, 0x1C, 0x07, 0x00, 0xE0, 0x38, 0x0F, 0xFF, 0xE0,
  0x7F, 0xFF, 0x03, 0xFF, 0xF8, 0x38, 0x00, 0xE1, 0xC0, 0x07, 0x0E, 0x00,
  0x38, 0xE0, 0x00, 0xE7, 0x00, 0x07, 0x78, 0x00, 0x3B, 0x80, 0x00, 0xE0,
  0x00, 0xF8, 0x00, 0x0F, 0xE0, 0x00, 0xE3, 0x80, 0x0E, 0x0E, 0x00, 0x70,
  0x70, 0x03, 0x83, 0x80, 0x1C, 0x1C, 0x00, 0x71, 0xC0, 0x03, 0xFC, 0x00,
  0x07, 0xC0, 0x00, 0x3E, 0x00, 0x03, 0xB8, 0x00, 0x1D, 0xC0, 0x00, 0xEE,
  0x00, 0x0E, 0x38, 0x00, 0x71, 0xC0, 0x03, 0x8E, 0x00, 0x38, 0x38, 0x01,
  0xC1, 0xC0, 0x0E, 0x0E, 0x00, 0xE0, 0x38, 0x07, 0x01, 0xC0, 0x38, 0x0E,
  0x03, 0xC0, 0x78, 0x1F, 0xFF, 0xC0, 0xFF, 0xFE, 0x0F, 0xFF, 0xF8, 0x70,
  0x01, 0xC3, 0x80, 0x0E, 0x3C, 0x00, 0x79, 0xC0, 0x01, 0xCE, 0x00, 0x0E,
  0xF0, 0x00, 0x7F, 0x00, 0x01, 0xC0, 0x00, 0x3F, 0xFF, 0xFF, 0x00, 0x3F,
  0xFF, 0xFF, 0x00, 0x7F, 0xFF, 0xFF, 0x00, 0x70, 0xE0, 0x00, 0x00, 0x70,
  0xE0, 0x00, 0x00, 0xE0, 0xE0, 0x00, 0x00, 0xE0, 0xE0, 0x00, 0x01, 0xC0,
  0xE0, 0x00, 0x01, 0xC0, 0xE0, 0x00, 0x03, 0xC0, 0xE0, 0x00, 0x03, 0x80,
  0xFF, 0xFE, 0x03, 0x80, 0xFF, 0xFE, 0x07, 0x00, 0xFF, 0xFE, 0x07, 0xFF,
  0xE0, 0x00, 0x0F, 0xFF, 0xE0, 0x00, 0x0F, 0xFF, 0xE0, 0x00, 0x0E, 0x00,
  0xE0, 0x00, 0x1C, 0x00, 0xE0, 0x00, 0x1C, 0x00, 0xE0, 0x00, 0x38, 0x00,
  0xE0, 0x00, 0x38, 0x00, 0xE0, 0x00, 0x78, 0x00, 0xE0, 0x00, 0x70, 0x00,
  0xFF, 0xFF, 0x70, 0x00, 0xFF, 0xFF, 0xE0, 0x00, 0xFF, 0xFF, 0x00, 0xFE,
  0x00, 0xFF, 0xF8, 0x3F, 0xFF, 0x8F, 0x81, 0xF3, 0xC0, 0x06, 0x70, 0x00,
  0x5E, 0x00, 0x03, 0x80, 0x00, 0x70, 0x00, 0x1C, 0x00, 0x03, 0x80, 0x00,
  0x70, 0x00, 0x0E, 0x00, 0x01, 0xC0, 0x00, 0x38, 0x00, 0x07, 0x00, 0x00,
  0xE0, 0x00, 0x1E, 0x00, 0x01, 0xC0, 0x00, 0x3C, 0x00, 0x03, 0x80, 0x02,
  0x78, 0x00, 0xC7, 0xC0, 0xF8, 0x7F, 0xFF, 0x07, 0xFF, 0xC0, 0x1F, 0xC0,
  0x00, 0x38, 0x00, 0x07, 0x00, 0x00, 0xE0, 0x02, 0x3C, 0x00, 0x7F, 0x00,
  0x0F, 0xE0, 0x01, 0xF0, 0x00, 0x1E, 0x00, 0x0F, 0x00, 0x07, 0x00, 0x03,
  0x80, 0x03, 0x80, 0x01, 0xC0, 0x00, 0x00, 0x00, 0x00, 0x00, 0x00, 0xFF,
  0xFF, 0xFF, 0xFF, 0xFF, 0xFF, 0xE0, 0x00, 0xE0, 0x00, 0xE0, 0x00, 0xE0,
  0x00, 0xE0, 0x00, 0xE0, 0x00, 0xE0, 0x00, 0xFF, 0xFE, 0xFF, 0xFE, 0xFF,
  0xFE, 0xE0, 0x00, 0xE0, 0x00, 0xE0, 0x00, 0xE0, 0x00, 0xE0, 0x00, 0xE0,
  0x00, 0xE0, 0x00, 0xE0, 0x00, 0xE0, 0x00, 0xFF, 0xFF, 0xFF, 0xFF, 0xFF,
  0xFF, 0x00, 0x3C, 0x00, 0x78, 0x00, 0x70, 0x00, 0xE0, 0x00, 0xE0, 0x01,
  0xC0, 0x00, 0x00, 0x00, 0x00, 0x00, 0x00, 0xFF, 0xFF, 0xFF, 0xFF, 0xFF,
  0xFF, 0xE0, 0x00, 0xE0, 0x00, 0xE0, 0x00, 0xE0, 0x00, 0xE0, 0x00, 0xE0,
  0x00, 0xE0, 0x00, 0xFF, 0xFE, 0xFF, 0xFE, 0xFF, 0xFE, 0xE0, 0x00, 0xE0,
  0x00, 0xE0, 0x00, 0xE0, 0x00, 0xE0, 0x00, 0xE0, 0x00, 0xE0, 0x00, 0xE0,
  0x00, 0xE0, 0x00, 0xFF, 0xFF, 0xFF, 0xFF, 0xFF, 0xFF, 0x03, 0xC0, 0x07,
  0xE0, 0x0F, 0xF0, 0x0E, 0x70, 0x1C, 0x38, 0x38, 0x1C, 0x00, 0x00, 0x00,
  0x00, 0x00, 0x00, 0xFF, 0xFF, 0xFF, 0xFF, 0xFF, 0xFF, 0xE0, 0x00, 0xE0,
  0x00, 0xE0, 0x00, 0xE0, 0x00, 0xE0, 0x00, 0xE0, 0x00, 0xE0, 0x00, 0xFF,
  0xFE, 0xFF, 0xFE, 0xFF, 0xFE, 0xE0, 0x00, 0xE0, 0x00, 0xE0, 0x00, 0xE0,
  0x00, 0xE0, 0x00, 0xE0, 0x00, 0xE0, 0x00, 0xE0, 0x00, 0xE0, 0x00, 0xFF,
  0xFF, 0xFF, 0xFF, 0xFF, 0xFF, 0x1C, 0x38, 0x1C, 0x38, 0x1C, 0x38, 0x00,
  0x00, 0x00, 0x00, 0x00, 0x00, 0xFF, 0xFF, 0xFF, 0xFF, 0xFF, 0xFF, 0xE0,
  0x00, 0xE0, 0x00, 0xE0, 0x00, 0xE0, 0x00, 0xE0, 0x00, 0xE0, 0x00, 0xE0,
  0x00, 0xFF, 0xFE, 0xFF, 0xFE, 0xFF, 0xFE, 0xE0, 0x00, 0xE0, 0x00, 0xE0,
  0x00, 0xE0, 0x00, 0xE0, 0x00, 0xE0, 0x00, 0xE0, 0x00, 0xE0, 0x00, 0xE0,
  0x00, 0xFF, 0xFF, 0xFF, 0xFF, 0xFF, 0xFF, 0xF0, 0x3C, 0x0E, 0x03, 0x81,
  0xC0, 0x70, 0x00, 0x00, 0x00, 0x7F, 0xFF, 0xFF, 0xF1, 0xC0, 0xE0, 0x70,
  0x38, 0x1C, 0x0E, 0x07, 0x03, 0x81, 0xC0, 0xE0, 0x70, 0x38, 0x1C, 0x0E,
  0x07, 0x03, 0x81, 0xC0, 0xE0, 0x71, 0xFF, 0xFF, 0xFF, 0xC0, 0x07, 0x87,
  0x83, 0x83, 0x81, 0xC1, 0xC0, 0x00, 0x00, 0x00, 0x7F, 0xFF, 0xFF, 0xF1,
  0xC0, 0xE0, 0x70, 0x38, 0x1C, 0x0E, 0x07, 0x03, 0x81, 0xC0, 0xE0, 0x70,
  0x38, 0x1C, 0x0E, 0x07, 0x03, 0x81, 0xC0, 0xE0, 0x71, 0xFF, 0xFF, 0xFF,
  0xC0, 0x0F, 0x01, 0xF8, 0x3F, 0xC3, 0x9C, 0x70, 0xEE, 0x07, 0x00, 0x00,
  0x00, 0x00, 0x07, 0xFC, 0x7F, 0xC7, 0xFC, 0x0E, 0x00, 0xE0, 0x0E, 0x00,
  0xE0, 0x0E, 0x00, 0xE0, 0x0E, 0x00, 0xE0, 0x0E, 0x00, 0xE0, 0x0E, 0x00,
  0xE0, 0x0E, 0x00, 0xE0, 0x0E, 0x00, 0xE0, 0x0E, 0x00, 0xE0, 0x0E, 0x07,
  0xFC, 0x7F, 0xC7, 0xFC, 0xE0, 0xFC, 0x1F, 0x83, 0x80, 0x00, 0x00, 0x00,
  0x1F, 0xF3, 0xFE, 0x7F, 0xC1, 0xC0, 0x38, 0x07, 0x00, 0xE0, 0x1C, 0x03,
  0x80, 0x70, 0x0E, 0x01, 0xC0, 0x38, 0x07, 0x00, 0xE0, 0x1C, 0x03, 0x80,
  0x70, 0x0E, 0x01, 0xC0, 0x38, 0x07, 0x07, 0xFC, 0xFF, 0x9F, 0xF0, 0x1F,
  0xFC, 0x00, 0x3F, 0xFF, 0x00, 0x7F, 0xFF, 0x80, 0xE0, 0x3F, 0x81, 0xC0,
  0x0F, 0x83, 0x80, 0x0F, 0x07, 0x00, 0x0F, 0x0E, 0x00, 0x0E, 0x1C, 0x00,
  0x1E, 0x38, 0x00, 0x1F, 0xFF, 0xC0, 0x3F, 0xFF, 0x80, 0x71, 0xC0, 0x00,
  0xE3, 0x80, 0x01, 0xC7, 0x00, 0x03, 0x8E, 0x00, 0x07, 0x1C, 0x00, 0x1C,
  0x38, 0x00, 0x38, 0x70, 0x00, 0xF0, 0xE0, 0x03, 0xC1, 0xC0, 0x0F, 0x03,
  0x80, 0x7E, 0x07, 0xFF, 0xF0, 0x0F, 0xFF, 0xC0, 0x1F, 0xFC, 0x00, 0x0F,
  0x07, 0x0F, 0xE3, 0x86, 0x7B, 0x87, 0x1F, 0xC3, 0x83, 0xC0, 0x00, 0x00,
  0x00, 0x00, 0x00, 0x00, 0x00, 0x00, 0x7C, 0x01, 0xFE, 0x00, 0xFF, 0x80,
  0x7F, 0xC0, 0x3F, 0x70, 0x1F, 0xB8, 0x0F, 0xDE, 0x07, 0xE7, 0x03, 0xF3,
  0xC1, 0xF8, 0xE0, 0xFC, 0x78, 0x7E, 0x1C, 0x3F, 0x0F, 0x1F, 0x83, 0x8F,
  0xC1, 0xC7, 0xE0, 0x73, 0xF0, 0x39, 0xF8, 0x0E, 0xFC, 0x07, 0x7E, 0x01,
  0xFF, 0x00, 0xFF, 0x80, 0x3F, 0xC0, 0x1F, 0xE0, 0x07, 0xF0, 0x03, 0xC0,
  0x01, 0xE0, 0x00, 0x01, 0xE0, 0x00, 0x01, 0xC0, 0x00, 0x01, 0xC0, 0x00,
  0x03, 0x80, 0x00, 0x03, 0x80, 0x00, 0x00, 0x00, 0x00, 0x00, 0x00, 0x00,
  0xFE, 0x00, 0x0F, 0xFF, 0x80, 0x3F, 0xFF, 0x80, 0xF8, 0x0F, 0x83, 0xC0,
  0x07, 0x87, 0x00, 0x07, 0x1E, 0x00, 0x0F, 0x38, 0x00, 0x0E, 0x70, 0x00,
  0x1D, 0xC0, 0x00, 0x1F, 0x80, 0x00, 0x3F, 0x00, 0x00, 0x7E, 0x00, 0x00,
  0xFC, 0x00, 0x01, 0xF8, 0x00, 0x03, 0xF0, 0x00, 0x07, 0xE0, 0x00, 0x0F,
  0xE0, 0x00, 0x39, 0xC0, 0x00, 0x73, 0xC0, 0x01, 0xE3, 0x80, 0x03, 0x87,
  0xC0, 0x1F, 0x07, 0xC0, 0x7C, 0x07, 0xFF, 0xF0, 0x07, 0xFF, 0x80, 0x01,
  0xFC, 0x00, 0x00, 0x0F, 0x00, 0x00, 0x3C, 0x00, 0x00, 0x70, 0x00, 0x01,
  0xC0, 0x00, 0x03, 0x80, 0x00, 0x0E, 0x00, 0x00, 0x00, 0x00, 0x00, 0x00,
  0x00, 0x00, 0xFE, 0x00, 0x0F, 0xFF, 0x80, 0x3F, 0xFF, 0x80, 0xF8, 0x0F,
  0x83, 0xC0, 0x07, 0x87, 0x00, 0x07, 0x1E, 0x00, 0x0F, 0x38, 0x00, 0x0E,
  0x70, 0x00, 0x1D, 0xC0, 0x00, 0x1F, 0x80, 0x00, 0x3F, 0x00, 0x00, 0x7E,
  0x00, 0x00, 0xFC, 0x00, 0x01, 0xF8, 0x00, 0x03, 0xF0, 0x00, 0x07, 0xE0,
  0x00, 0x0F, 0xE0, 0x00, 0x39, 0xC0, 0x00, 0x73, 0xC0, 0x01, 0xE3, 0x80,
  0x03, 0x87, 0xC0, 0x1F, 0x07, 0xC0, 0x7C, 0x07, 0xFF, 0xF0, 0x07, 0xFF,
  0x80, 0x01, 0xFC, 0x00, 0x00, 0x3C, 0x00, 0x00, 0xFC, 0x00, 0x03, 0xFC,
  0x00, 0x07, 0x38, 0x00, 0x1C, 0x38, 0x00, 0x70, 0x38, 0x00, 0x00, 0x00,
  0x00, 0x00, 0x00, 0x00, 0xFE, 0x00, 0x0F, 0xFF, 0x80, 0x3F, 0xFF, 0x80,
  0xF8, 0x0F, 0x83, 0xC0, 0x07, 0x87, 0x00, 0x07, 0x1E, 0x00, 0x0F, 0x38,
  0x00, 0x0E, 0x70, 0x00, 0x1D, 0xC0, 0x00, 0x1F, 0x80, 0x00, 0x3F, 0x00,
  0x00, 0x7E, 0x00, 0x00, 0xFC, 0x00, 0x01, 0xF8, 0x00, 0x03, 0xF0, 0x00,
  0x07, 0xE0, 0x00, 0x0F, 0xE0, 0x00, 0x39, 0xC0, 0x00, 0x73, 0xC0, 0x01,
  0xE3, 0x80, 0x03, 0x87, 0xC0, 0x1F, 0x07, 0xC0, 0x7C, 0x07, 0xFF, 0xF0,
  0x07, 0xFF, 0x80, 0x01, 0xFC, 0x00, 0x01, 0xE0, 0xE0, 0x07, 0xF1, 0xC0,
  0x0C, 0xF7, 0x00, 0x38, 0xFE, 0x00, 0x70, 0x78, 0x00, 0x00, 0x00, 0x00,
  0x00, 0x00, 0x00, 0x00, 0x00, 0x00, 0xFE, 0x00, 0x0F, 0xFF, 0x80, 0x3F,
  0xFF, 0x80, 0xF8, 0x0F, 0x83, 0xC0, 0x07, 0x87, 0x00, 0x07, 0x1E, 0x00,
  0x0F, 0x38, 0x00, 0x0E, 0x70, 0x00, 0x1D, 0xC0, 0x00, 0x1F, 0x80, 0x00,
  0x3F, 0x00, 0x00, 0x7E, 0x00, 0x00, 0xFC, 0x00, 0x01, 0xF8, 0x00, 0x03,
  0xF0, 0x00, 0x07, 0xE0, 0x00, 0x0F, 0xE0, 0x00, 0x39, 0xC0, 0x00, 0x73,
  0xC0, 0x01, 0xE3, 0x80, 0x03, 0x87, 0xC0, 0x1F, 0x07, 0xC0, 0x7C, 0x07,
  0xFF, 0xF0, 0x07, 0xFF, 0x80, 0x01, 0xFC, 0x00, 0x01, 0xC3, 0x80, 0x03,
  0x87, 0x00, 0x07, 0x0E, 0x00, 0x00, 0x00, 0x00, 0x00, 0x00, 0x00, 0x1F,
  0xC0, 0x01, 0xFF, 0xF0, 0x07, 0xFF, 0xF0, 0x1F, 0x01, 0xF0, 0x78, 0x00,
  0xF0, 0xE0, 0x00, 0xE3, 0xC0, 0x01, 0xE7, 0x00, 0x01, 0xCE, 0x00, 0x03,
  0xB8, 0x00, 0x03, 0xF0, 0x00, 0x07, 0xE0, 0x00, 0x0F, 0xC0, 0x00, 0x1F,
  0x80, 0x00, 0x3F, 0x00, 0x00, 0x7E, 0x00, 0x00, 0xFC, 0x00, 0x01, 0xFC,
  0x00, 0x07, 0x38, 0x00, 0x0E, 0x78, 0x00, 0x3C, 0x70, 0x00, 0x70, 0xF8,
  0x03, 0xE0, 0xF8, 0x0F, 0x80, 0xFF, 0xFE, 0x00, 0xFF, 0xF0, 0x00, 0x3F,
  0x80, 0x00, 0x00, 0x00, 0x0C, 0x00, 0x19, 0xC0, 0x07, 0x1C, 0x01, 0xC1,
  0xC0, 0x70, 0x1C, 0x1C, 0x01, 0xC7, 0x00, 0x1D, 0xC0, 0x01, 0xF0, 0x00,
  0x1C, 0x00, 0x07, 0xC0, 0x01, 0xDC, 0x00, 0x71, 0xC0, 0x1C, 0x1C, 0x07,
  0x01, 0xC1, 0xC0, 0x1C, 0x70, 0x01, 0xCC, 0x00, 0x18, 0x00, 0x00, 0x00,
  0x00, 0x00, 0x0C, 0x01, 0xFC, 0x30, 0x0F, 0xFE, 0xE0, 0x7F, 0xFF, 0x81,
  0xF0, 0x1F, 0x07, 0x80, 0x0F, 0x0E, 0x00, 0x3E, 0x3C, 0x00, 0xFE, 0x70,
  0x03, 0x9D, 0xE0, 0x0E, 0x3B, 0x80, 0x18, 0x3F, 0x00, 0x70, 0x7E, 0x01,
  0xC0, 0xFC, 0x07, 0x01, 0xF8, 0x0C, 0x03, 0xF0, 0x38, 0x07, 0xE0, 0xE0,
  0x0F, 0xC3, 0x80, 0x1F, 0xC6, 0x00, 0x73, 0x9C, 0x00, 0xE7, 0xF0, 0x03,
  0xC7, 0xC0, 0x07, 0x0F, 0x00, 0x3E, 0x0F, 0x80, 0xF8, 0x1F, 0xFF, 0xE0,
  0x7F, 0xFF, 0x01, 0xC3, 0xF8, 0x03, 0x00, 0x00, 0x0E, 0x00, 0x00, 0x00,
  0x03, 0xC0, 0x00, 0x3C, 0x00, 0x03, 0x80, 0x00, 0x38, 0x00, 0x07, 0x00,
  0x00, 0x70, 0x00, 0x00, 0x00, 0x00, 0x00, 0x00, 0x00, 0x1C, 0x00, 0x1F,
  0x80, 0x03, 0xF0, 0x00, 0x7E, 0x00, 0x0F, 0xC0, 0x01, 0xF8, 0x00, 0x3F,
  0x00, 0x07, 0xE0, 0x00, 0xFC, 0x00, 0x1F, 0x80, 0x03, 0xF0, 0x00, 0x7E,
  0x00, 0x0F, 0xC0, 0x01, 0xF8, 0x00, 0x3F, 0x00, 0x07, 0xE0, 0x00, 0xFC,
  0x00, 0x1F, 0x80, 0x03, 0xF0, 0x00, 0x7F, 0x00, 0x1C, 0xF0, 0x07, 0x9F,
  0x01, 0xF1, 0xFF, 0xFC, 0x1F, 0xFE, 0x00, 0x7F, 0x00, 0x00, 0x0F, 0x00,
  0x03, 0xC0, 0x00, 0x70, 0x00, 0x1C, 0x00, 0x03, 0x80, 0x00, 0xE0, 0x00,
  0x00, 0x00, 0x00, 0x00, 0x00, 0x00, 0x1C, 0x00, 0x1F, 0x80, 0x03, 0xF0,
  0x00, 0x7E, 0x00, 0x0F, 0xC0, 0x01, 0xF8, 0x00, 0x3F, 0x00, 0x07, 0xE0,
  0x00, 0xFC, 0x00, 0x1F, 0x80, 0x03, 0xF0, 0x00, 0x7E, 0x00, 0x0F, 0xC0,
  0x01, 0xF8, 0x00, 0x3F, 0x00, 0x07, 0xE0, 0x00, 0xFC, 0x00, 0x1F, 0x80,
  0x03, 0xF0, 0x00, 0x7F, 0x00, 0x1C, 0xF0, 0x07, 0x9F, 0x01, 0xF1, 0xFF,
  0xFC, 0x1F, 0xFE, 0x00, 0x7F, 0x00, 0x00, 0xF0, 0x00, 0x3F, 0x00, 0x0F,
  0xF0, 0x01, 0xCE, 0x00, 0x70, 0xE0, 0x1C, 0x0E, 0x00, 0x00, 0x00, 0x00,
  0x00, 0x00, 0x00, 0x1C, 0x00, 0x1F, 0x80, 0x03, 0xF0, 0x00, 0x7E, 0x00,
  0x0F, 0xC0, 0x01, 0xF8, 0x00, 0x3F, 0x00, 0x07, 0xE0, 0x00, 0xFC, 0x00,
  0x1F, 0x80, 0x03, 0xF0, 0x00, 0x7E, 0x00, 0x0F, 0xC0, 0x01, 0xF8, 0x00,
  0x3F, 0x00, 0x07, 0xE0, 0x00, 0xFC, 0x00, 0x1F, 0x80, 0x03, 0xF0, 0x00,
  0x7F, 0x00, 0x1C, 0xF0, 0x07, 0x9F, 0x01, 0xF1, 0xFF, 0xFC, 0x1F, 0xFE,
  0x00, 0x7F, 0x00, 0x07, 0x0E, 0x00, 0xE1, 0xC0, 0x1C, 0x38, 0x00, 0x00,
  0x00, 0x00, 0x00, 0x00, 0x00, 0x38, 0x00, 0x3F, 0x00, 0x07, 0xE0, 0x00,
  0xFC, 0x00, 0x1F, 0x80, 0x03, 0xF0, 0x00, 0x7E, 0x00, 0x0F, 0xC0, 0x01,
  0xF8, 0x00, 0x3F, 0x00, 0x07, 0xE0, 0x00, 0xFC, 0x00, 0x1F, 0x80, 0x03,
  0xF0, 0x00, 0x7E, 0x00, 0x0F, 0xC0, 0x01, 0xF8, 0x00, 0x3F, 0x00, 0x07,
  0xE0, 0x00, 0xFE, 0x00, 0x39, 0xE0, 0x0F, 0x3E, 0x03, 0xE3, 0xFF, 0xF8,
  0x3F, 0xFC, 0x00, 0xFE, 0x00, 0x00, 0x1E, 0x00, 0x01, 0xE0, 0x00, 0x0E,
  0x00, 0x00, 0xE0, 0x00, 0x07, 0x00, 0x00, 0x70, 0x00, 0x00, 0x00, 0x00,
  0x00, 0x00, 0x00, 0x00, 0x07, 0x80, 0x03, 0xDC, 0x00, 0x3C, 0x70, 0x01,
  0xC3, 0xC0, 0x1E, 0x0E, 0x00, 0xE0, 0x78, 0x0E, 0x01, 0xE0, 0xF0, 0x07,
  0x07, 0x00, 0x3C, 0x78, 0x00, 0xE7, 0x80, 0x03, 0xB8, 0x00, 0x1F, 0xC0,
  0x00, 0x7C, 0x00, 0x03, 0xC0, 0x00, 0x0E, 0x00, 0x00, 0x70, 0x00, 0x03,
  0x80, 0x00, 0x1C, 0x00, 0x00, 0xE0, 0x00, 0x07, 0x00, 0x00, 0x38, 0x00,
  0x01, 0xC0, 0x00, 0x0E, 0x00, 0x00, 0x70, 0x00, 0x03, 0x80, 0x00, 0xE0,
  0x01, 0xC0, 0x03, 0x80, 0x07, 0x00, 0x0E, 0x00, 0x1F, 0xF8, 0x3F, 0xFC,
  0x7F, 0xFC, 0xE0, 0x7D, 0xC0, 0x3F, 0x80, 0x3F, 0x00, 0x7E, 0x00, 0xFC,
  0x01, 0xF8, 0x07, 0xF0, 0x0E, 0xE0, 0x7D, 0xFF, 0xF3, 0xFF, 0xC7, 0xFE,
  0x0E, 0x00, 0x1C, 0x00, 0x38, 0x00, 0x70, 0x00, 0xE0, 0x00, 0x0F, 0xC0,
  0x1F, 0xF0, 0x3F, 0xF8, 0x78, 0x3C, 0x70, 0x1C, 0xE0, 0x1C, 0xE0, 0x1C,
  0xE0, 0x1C, 0xE0, 0x38, 0xE0, 0x70, 0xE7, 0xE0, 0xE7, 0xE0, 0xE7, 0xF8,
  0xE0, 0x7C, 0xE0, 0x1E, 0xE0, 0x0E, 0xE0, 0x07, 0xE0, 0x07, 0xE0, 0x07,
  0xE0, 0x07, 0xE0, 0x07, 0xE0, 0x0E, 0xE0, 0x0E, 0xE0, 0x3E, 0xE7, 0xFC,
  0xE7, 0xF8, 0xE7, 0xC0, 0x1E, 0x00, 0x1E, 0x00, 0x1C, 0x00, 0x1C, 0x00,
  0x38, 0x00, 0x38, 0x00, 0x00, 0x00, 0x00, 0x1F, 0xE0, 0x7F, 0xF0, 0xFF,
  0xF1, 0x80, 0xF0, 0x00, 0xE0, 0x01, 0xC0, 0x03, 0x80, 0xFF, 0x1F, 0xFE,
  0x7F, 0xFD, 0xF8, 0x3F, 0x80, 0x7E, 0x00, 0xFC, 0x01, 0xF8, 0x03, 0xF0,
  0x0F, 0xF0, 0x7E, 0xFF, 0xFC, 0xFF, 0xB8, 0xFC, 0x70, 0x00, 0x78, 0x01,
  0xE0, 0x03, 0x80, 0x0E, 0x00, 0x1C, 0x00, 0x70, 0x00, 0x00, 0x00, 0x00,
  0x1F, 0xE0, 0x7F, 0xF0, 0xFF, 0xF1, 0x80, 0xF0, 0x00, 0xE0, 0x01, 0xC0,
  0x03, 0x80, 0xFF, 0x1F, 0xFE, 0x7F, 0xFD, 0xF8, 0x3F, 0x80, 0x7E, 0x00,
  0xFC, 0x01, 0xF8, 0x03, 0xF0, 0x0F, 0xF0, 0x7E, 0xFF, 0xFC, 0xFF, 0xB8,
  0xFC, 0x70, 0x03, 0xC0, 0x0F, 0xC0, 0x3F, 0xC0, 0x73, 0x81, 0xC3, 0x87,
  0x03, 0x80, 0x00, 0x00, 0x00, 0x1F, 0xE0, 0x7F, 0xF0, 0xFF, 0xF1, 0x80,
  0xF0, 0x00, 0xE0, 0x01, 0xC0, 0x03, 0x80, 0xFF, 0x1F, 0xFE, 0x7F, 0xFD,
  0xF8, 0x3F, 0x80, 0x7E, 0x00, 0xFC, 0x01, 0xF8, 0x03, 0xF0, 0x0F, 0xF0,
  0x7E, 0xFF, 0xFC, 0xFF, 0xB8, 0xFC, 0x70, 0x1E, 0x0E, 0x7F, 0x1C, 0xCF,
  0x73, 0x8F, 0xE7, 0x07, 0x80, 0x00, 0x00, 0x00, 0x00, 0x00, 0x1F, 0xE0,
  0x7F, 0xF0, 0xFF, 0xF1, 0x80, 0xF0, 0x00, 0xE0, 0x01, 0xC0, 0x03, 0x80,
  0xFF, 0x1F, 0xFE, 0x7F, 0xFD, 0xF8, 0x3F, 0x80, 0x7E, 0x00, 0xFC, 0x01,
  0xF8, 0x03, 0xF0, 0x0F, 0xF0, 0x7E, 0xFF, 0xFC, 0xFF, 0xB8, 0xFC, 0x70,
  0x1C, 0x38, 0x38, 0x70, 0x70, 0xE0, 0x00, 0x00, 0x00, 0x03, 0xFC, 0x0F,
  0xFE, 0x1F, 0xFE, 0x30, 0x1E, 0x00, 0x1C, 0x00, 0x38, 0x00, 0x70, 0x1F,
  0xE3, 0xFF, 0xCF, 0xFF, 0xBF, 0x07, 0xF0, 0x0F, 0xC0, 0x1F, 0x80, 0x3F,
  0x00, 0x7E, 0x01, 0xFE, 0x0F, 0xDF, 0xFF, 0x9F, 0xF7, 0x1F, 0x8E, 0x03,
  0xC0, 0x1F, 0xE0, 0x39, 0xC0, 0xE1, 0xC1, 0xC3, 0x83, 0x87, 0x07, 0x0E,
  0x07, 0x38, 0x0F, 0xF0, 0x0F, 0xC0, 0x7F, 0x81, 0xFF, 0xC3, 0xFF, 0xC6,
  0x03, 0x80, 0x03, 0x80, 0x07, 0x00, 0x0E, 0x03, 0xFC, 0x7F, 0xF9, 0xFF,
  0xF7, 0xE0, 0xFE, 0x01, 0xF8, 0x03, 0xF0, 0x07, 0xE0, 0x0F, 0xC0, 0x3F,
  0xC1, 0xFB, 0xFF, 0xF3, 0xFE, 0xE3, 0xF1, 0xC0, 0x0F, 0xE0, 0x3F, 0x01,
  0xFF, 0xC7, 0xFE, 0x0F, 0xFF, 0x7F, 0xF8, 0x60, 0x7F, 0x81, 0xE0, 0x00,
  0xF0, 0x07, 0x00, 0x07, 0x80, 0x1C, 0x00, 0x38, 0x00, 0xE0, 0x7F, 0xFF,
  0xFF, 0x1F, 0xFF, 0xFF, 0xFB, 0xFF, 0xFF, 0xFF, 0xDF, 0x03, 0x80, 0x01,
  0xE0, 0x1C, 0x00, 0x0E, 0x00, 0xE0, 0x00, 0x70, 0x07, 0x80, 0x03, 0x80,
  0x1C, 0x00, 0x1C, 0x03, 0xF0, 0x01, 0xF0, 0x7B, 0xE0, 0x7B, 0xFF, 0x8F,
  0xFF, 0xCF, 0xF8, 0x3F, 0xFE, 0x3F, 0x00, 0x7F, 0x80, 0x03, 0xF0, 0x3F,
  0xF3, 0xFF, 0xCF, 0x07, 0x78, 0x05, 0xC0, 0x0F, 0x00, 0x38, 0x00, 0xE0,
  0x03, 0x80, 0x0E, 0x00, 0x38, 0x00, 0xE0, 0x03, 0xC0, 0x07, 0x00, 0x1E,
  0x01, 0x3C, 0x1C, 0xFF, 0xF1, 0xFF, 0xC1, 0xFC, 0x00, 0x70, 0x01, 0xC0,
  0x07, 0x02, 0x3C, 0x0F, 0xE0, 0x3F, 0x80, 0xF8, 0x00, 0x0F, 0x00, 0x07,
  0x80, 0x03, 0x80, 0x01, 0xC0, 0x01, 0xC0, 0x00, 0xE0, 0x00, 0x00, 0x00,
  0x00, 0x03, 0xF0, 0x0F, 0xF8, 0x1F, 0xFC, 0x3C, 0x1E, 0x70, 0x0E, 0x60,
  0x07, 0xE0, 0x07, 0xFF, 0xFF, 0xFF, 0xFF, 0xFF, 0xFF, 0xE0, 0x00, 0xE0,
  0x00, 0xE0, 0x00, 0xF0, 0x00, 0x70, 0x00, 0x78, 0x01, 0x3E, 0x07, 0x1F,
  0xFF, 0x0F, 0xFF, 0x03, 0xF8, 0x00, 0x3C, 0x00, 0x78, 0x00, 0x70, 0x00,
  0xE0, 0x00, 0xE0, 0x01, 0xC0, 0x00, 0x00, 0x00, 0x00, 0x03, 0xF0, 0x0F,
  0xF8, 0x1F, 0xFC, 0x3C, 0x1E, 0x70, 0x0E, 0x60, 0x07, 0xE0, 0x07, 0xFF,
  0xFF, 0xFF, 0xFF, 0xFF, 0xFF, 0xE0, 0x00, 0xE0, 0x00, 0xE0, 0x00, 0xF0,
  0x00, 0x70, 0x00, 0x78, 0x01, 0x3E, 0x07, 0x1F, 0xFF, 0x0F, 0xFF, 0x03,
  0xF8, 0x03, 0xC0, 0x07, 0xE0, 0x0F, 0xF0, 0x0E, 0x70, 0x1C, 0x38, 0x38,
  0x1C, 0x00, 0x00, 0x00, 0x00, 0x03, 0xF0, 0x0F, 0xF8, 0x1F, 0xFC, 0x3C,
  0x1E, 0x70, 0x0E, 0x60, 0x07, 0xE0, 0x07, 0xFF, 0xFF, 0xFF, 0xFF, 0xFF,
  0xFF, 0xE0, 0x00, 0xE0, 0x00, 0xE0, 0x00, 0xF0, 0x00, 0x70, 0x00, 0x78,
  0x01, 0x3E, 0x07, 0x1F, 0xFF, 0x0F, 0xFF, 0x03, 0xF8, 0x1C, 0x38, 0x1C,
  0x38, 0x1C, 0x38, 0x00, 0x00, 0x00, 0x00, 0x03, 0xF0, 0x0F, 0xF8, 0x1F,
  0xFC, 0x3C, 0x1E, 0x70, 0x0E, 0x60, 0x07, 0xE0, 0x07, 0xFF, 0xFF, 0xFF,
  0xFF, 0xFF, 0xFF, 0xE0, 0x00, 0xE0, 0x00, 0xE0, 0x00, 0xF0, 0x00, 0x70,
  0x00, 0x78, 0x01, 0x3E, 0x07, 0x1F, 0xFF, 0x0F, 0xFF, 0x03, 0xF8, 0xF0,
  0xF0, 0xE0, 0xE1, 0xC1, 0xC0, 0x00, 0x00, 0x70, 0xE1, 0xC3, 0x87, 0x0E,
  0x1C, 0x38, 0x70, 0xE1, 0xC3, 0x87, 0x0E, 0x1C, 0x38, 0x70, 0xE1, 0xC0,
  0x1E, 0x78, 0xE3, 0x87, 0x1C, 0x00, 0x00, 0x01, 0xC3, 0x87, 0x0E, 0x1C,
  0x38, 0x70, 0xE1, 0xC3, 0x87, 0x0E, 0x1C, 0x38, 0x70, 0xE1, 0xC3, 0x87,
  0x00, 0x3E, 0x1F, 0x0D, 0x8E, 0xE6, 0x37, 0x1C, 0x00, 0x00, 0x00, 0x00,
  0x07, 0x03, 0x81, 0xC0, 0xE0, 0x70, 0x38, 0x1C, 0x0E, 0x07, 0x03, 0x81,
  0xC0, 0xE0, 0x70, 0x38, 0x1C, 0x0E, 0x07, 0x03, 0x81, 0xC0, 0xE3, 0xF1,
  0xF8, 0xE0, 0x00, 0x00, 0x00, 0x00, 0x38, 0x1C, 0x0E, 0x07, 0x03, 0x81,
  0xC0, 0xE0, 0x70, 0x38, 0x1C, 0x0E, 0x07, 0x03, 0x81, 0xC0, 0xE0, 0x70,
  0x38, 0x1C, 0x0E, 0x00, 0x3F, 0x04, 0x03, 0xCF, 0x00, 0xFE, 0x00, 0x3E,
  0x00, 0x7F, 0x80, 0xF1, 0xE0, 0x20, 0x70, 0x00, 0x1C, 0x00, 0x0F, 0x00,
  0x03, 0x81, 0xF9, 0xC3, 0xFF, 0x73, 0xFF, 0xFB, 0xE0, 0x7D, 0xC0, 0x0F,
  0xC0, 0x07, 0xE0, 0x03, 0xF0, 0x01, 0xF8, 0x00, 0xFC, 0x00, 0x6F, 0x00,
  0x73, 0x80, 0x79, 0xF0, 0x78, 0x7F, 0xF8, 0x1F, 0xF8, 0x03, 0xF8, 0x00,
  0x1E, 0x0E, 0x3F, 0x8E, 0x33, 0xDC, 0x71, 0xFC, 0x70, 0x78, 0x00, 0x00,
  0x00, 0x00, 0x00, 0x00, 0x01, 0xF0, 0xE7, 0xFC, 0xFF, 0xFE, 0xFC, 0x1E,
  0xF0, 0x0F, 0xE0, 0x07, 0xE0, 0x07, 0xE0, 0x07, 0xE0, 0x07, 0xE0, 0x07,
  0xE0, 0x07, 0xE0, 0x07, 0xE0, 0x07, 0xE0, 0x07, 0xE0, 0x07, 0xE0, 0x07,
  0xE0, 0x07, 0xE0, 0x07, 0xE0, 0x07, 0xE0, 0x07, 0x1E, 0x00, 0x07, 0x80,
  0x01, 0xC0, 0x00, 0x70, 0x00, 0x38, 0x00, 0x0E, 0x00, 0x00, 0x00, 0x00,
  0x00, 0x07, 0xF0, 0x07, 0xFC, 0x0F, 0xFF, 0x87, 0x83, 0xC7, 0x80, 0xF3,
  0x80, 0x3B, 0x80, 0x1F, 0xC0, 0x07, 0xE0, 0x03, 0xF0, 0x01, 0xF8, 0x00,
  0xFC, 0x00, 0x7E, 0x00, 0x3F, 0x80, 0x3D, 0xC0, 0x1C, 0xF0, 0x1E, 0x3C,
  0x1E, 0x1F, 0xFF, 0x07, 0xFF, 0x00, 0xFE, 0x00, 0x00, 0x1E, 0x00, 0x1E,
  0x00, 0x0E, 0x00, 0x0E, 0x00, 0x07, 0x00, 0x07, 0x00, 0x00, 0x00, 0x00,
  0x00, 0x07, 0xF0, 0x07, 0xFC, 0x0F, 0xFF, 0x87, 0x83, 0xC7, 0x80, 0xF3,
  0x80, 0x3B, 0x80, 0x1F, 0xC0, 0x07, 0xE0, 0x03, 0xF0, 0x01, 0xF8, 0x00,
  0xFC, 0x00, 0x7E, 0x00, 0x3F, 0x80, 0x3D, 0xC0, 0x1C, 0xF0, 0x1E, 0x3C,
  0x1E, 0x1F, 0xFF, 0x07, 0xFF, 0x00, 0xFE, 0x00, 0x01, 0xE0, 0x01, 0xF8,
  0x01, 0xFE, 0x00, 0xE7, 0x00, 0xE1, 0xC0, 0xE0, 0x70, 0x00, 0x00, 0x00,
  0x00, 0x07, 0xF0, 0x07, 0xFC, 0x0F, 0xFF, 0x87, 0x83, 0xC7, 0x80, 0xF3,
  0x80, 0x3B, 0x80, 0x1F, 0xC0, 0x07, 0xE0, 0x03, 0xF0, 0x01, 0xF8, 0x00,
  0xFC, 0x00, 0x7E, 0x00, 0x3F, 0x80, 0x3D, 0xC0, 0x1C, 0xF0, 0x1E, 0x3C,
  0x1E, 0x1F, 0xFF, 0x07, 0xFF, 0x00, 0xFE, 0x00, 0x0F, 0x07, 0x0F, 0xE3,
  0x86, 0x7B, 0x87, 0x1F, 0xC3, 0x83, 0xC0, 0x00, 0x00, 0x00, 0x00, 0x00,
  0x00, 0x07, 0xF0, 0x07, 0xFC, 0x0F, 0xFF, 0x87, 0x83, 0xC7, 0x80, 0xF3,
  0x80, 0x3B, 0x80, 0x1F, 0xC0, 0x07, 0xE0, 0x03, 0xF0, 0x01, 0xF8, 0x00,
  0xFC, 0x00, 0x7E, 0x00, 0x3F, 0x80, 0x3D, 0xC0, 0x1C, 0xF0, 0x1E, 0x3C,
  0x1E, 0x1F, 0xFF, 0x07, 0xFF, 0x00, 0xFE, 0x00, 0x0E, 0x1C, 0x07, 0x0E,
  0x03, 0x87, 0x00, 0x00, 0x00, 0x00, 0x00, 0x3F, 0x80, 0x3F, 0xE0, 0x7F,
  0xFC, 0x3C, 0x1E, 0x3C, 0x07, 0x9C, 0x01, 0xDC, 0x00, 0xFE, 0x00, 0x3F,
  0x00, 0x1F, 0x80, 0x0F, 0xC0, 0x07, 0xE0, 0x03, 0xF0, 0x01, 0xFC, 0x01,
  0xEE, 0x00, 0xE7, 0x80, 0xF1, 0xE0, 0xF0, 0xFF, 0xF8, 0x3F, 0xF8, 0x07,
  0xF0, 0x00, 0x00, 0x78, 0x00, 0x01, 0xE0, 0x00, 0x07, 0x80, 0x00, 0x1E,
  0x00, 0x00, 0x78, 0x00, 0x00, 0x00, 0x00, 0x00, 0x00, 0x00, 0x00, 0x00,
  0x00, 0x00, 0x03, 0xFF, 0xFF, 0xFF, 0xFF, 0xFF, 0xFF, 0xFF, 0xFF, 0x00,
  0x00, 0x00, 0x00, 0x00, 0x00, 0x00, 0x00, 0x00, 0x00, 0x00, 0x00, 0x78,
  0x00, 0x01, 0xE0, 0x00, 0x07, 0x80, 0x00, 0x1E, 0x00, 0x00, 0x78, 0x00,
  0x00, 0x01, 0x80, 0x01, 0x81, 0xF9, 0xC1, 0xFF, 0xC3, 0xFF, 0xC1, 0xE0,
  0xF1, 0xE0, 0x7C, 0xE0, 0x3E, 0xE0, 0x33, 0xF0, 0x31, 0xF8, 0x38, 0xFC,
  0x18, 0x7E, 0x18, 0x3F, 0x1C, 0x1F, 0x8C, 0x0F, 0xCC, 0x0F, 0x7C, 0x07,
  0x3E, 0x07, 0x8F, 0x07, 0x83, 0xFF, 0xC3, 0xFF, 0x83, 0x1F, 0x81, 0x80,
  0x01, 0x80, 0x00, 0x1E, 0x00, 0x0F, 0x00, 0x07, 0x00, 0x03, 0x80, 0x03,
  0x80, 0x01, 0xC0, 0x00, 0x00, 0x00, 0x00, 0x00, 0x00, 0xE0, 0x07, 0xE0,
  0x07, 0xE0, 0x07, 0xE0, 0x07, 0xE0, 0x07, 0xE0, 0x07, 0xE0, 0x07, 0xE0,
  0x07, 0xE0, 0x07, 0xE0, 0x07, 0xE0, 0x07, 0xE0, 0x07, 0xE0, 0x07, 0xE0,
  0x07, 0xF0, 0x0F, 0x78, 0x3F, 0x7F, 0xFF, 0x3F, 0xE7, 0x0F, 0x87, 0x00,
  0x78, 0x00, 0xF0, 0x00, 0xE0, 0x01, 0xC0, 0x01, 0xC0, 0x03, 0x80, 0x00,
  0x00, 0x00, 0x00, 0x00, 0x00, 0xE0, 0x07, 0xE0, 0x07, 0xE0, 0x07, 0xE0,
  0x07, 0xE0, 0x07, 0xE0, 0x07, 0xE0, 0x07, 0xE0, 0x07, 0xE0, 0x07, 0xE0,
  0x07, 0xE0, 0x07, 0xE0, 0x07, 0xE0, 0x07, 0xE0, 0x07, 0xF0, 0x0F, 0x78,
  0x3F, 0x7F, 0xFF, 0x3F, 0xE7, 0x0F, 0x87, 0x03, 0xC0, 0x07, 0xE0, 0x0F,
  0xF0, 0x0E, 0x70, 0x1C, 0x38, 0x38, 0x1C, 0x00, 0x00, 0x00, 0x00, 0x00,
  0x00, 0xE0, 0x07, 0xE0, 0x07, 0xE0, 0x07, 0xE0, 0x07, 0xE0, 0x07, 0xE0,
  0x07, 0xE0, 0x07, 0xE0, 0x07, 0xE0, 0x07, 0xE0, 0x07, 0xE0, 0x07, 0xE0,
  0x07, 0xE0, 0x07, 0xE0, 0x07, 0xF0, 0x0F, 0x78, 0x3F, 0x7F, 0xFF, 0x3F,
  0xE7, 0x0F, 0x87, 0x1C, 0x38, 0x1C, 0x38, 0x1C, 0x38, 0x00, 0x00, 0x00,
  0x00, 0x00, 0x00, 0xE0, 0x07, 0xE0, 0x07, 0xE0, 0x07, 0xE0, 0x07, 0xE0,
  0x07, 0xE0, 0x07, 0xE0, 0x07, 0xE0, 0x07, 0xE0, 0x07, 0xE0, 0x07, 0xE0,
  0x07, 0xE0, 0x07, 0xE0, 0x07, 0xE0, 0x07, 0xF0, 0x0F, 0x78, 0x3F, 0x7F,
  0xFF, 0x3F, 0xE7, 0x0F, 0x87, 0x00, 0x78, 0x00, 0x78, 0x00, 0x38, 0x00,
  0x38, 0x00, 0x1C, 0x00, 0x1C, 0x00, 0x00, 0x00, 0x00, 0x00, 0x00, 0x00,
  0x70, 0x01, 0xDC, 0x01, 0xCE, 0x00, 0xE7, 0x00, 0xF1, 0xC0, 0x70, 0xE0,
  0x38, 0x78, 0x38, 0x1C, 0x1C, 0x0E, 0x0E, 0x03, 0x8E, 0x01, 0xC7, 0x00,
  0xE3, 0x80, 0x3B, 0x80, 0x1D, 0xC0, 0x0F, 0xC0, 0x03, 0xE0, 0x01, 0xF0,
  0x00, 0x70, 0x00, 0x38, 0x00, 0x38, 0x00, 0x1C, 0x00, 0x1E, 0x00, 0x0E,
  0x00, 0x07, 0x00, 0x07, 0x00, 0x03, 0x80, 0x00, 0xE0, 0x00, 0xE0, 0x00,
  0xE0, 0x00, 0xE0, 0x00, 0xE0, 0x00, 0xE0, 0x00, 0xE0, 0x00, 0xE3, 0xF0,
  0xEF, 0xF8, 0xFF, 0xFC, 0xFC, 0x1E, 0xF0, 0x0E, 0xE0, 0x0F, 0xE0, 0x07,
  0xE0, 0x07, 0xE0, 0x07, 0xE0, 0x07, 0xE0, 0x07, 0xE0, 0x07, 0xE0, 0x07,
  0xE0, 0x0E, 0xE0, 0x0E, 0xE0, 0x1E, 0xF0, 0x3C, 0xFF, 0xF8, 0xFF, 0xF0,
  0xE7, 0xE0, 0xE0, 0x00, 0xE0, 0x00, 0xE0, 0x00, 0xE0, 0x00, 0xE0, 0x00,
  0xE0, 0x00, 0xE0, 0x00, 0x0E, 0x1C, 0x07, 0x0E, 0x03, 0x87, 0x00, 0x00,
  0x00, 0x00, 0x00, 0x00, 0x03, 0x80, 0x0E, 0xE0, 0x0E, 0x70, 0x07, 0x38,
  0x07, 0x8E, 0x03, 0x87, 0x01, 0xC3, 0xC1, 0xC0, 0xE0, 0xE0, 0x70, 0x70,
  0x1C, 0x70, 0x0E, 0x38, 0x07, 0x1C, 0x01, 0xDC, 0x00, 0xEE, 0x00, 0x7E,
  0x00, 0x1F, 0x00, 0x0F, 0x80, 0x03, 0x80, 0x01, 0xC0, 0x01, 0xC0, 0x00,
  0xE0, 0x00, 0xF0, 0x00, 0x70, 0x00, 0x38, 0x00, 0x38, 0x00, 0x1C, 0x00 };

const GFXglyph tahoma18pt8bGlyphs[] PROGMEM = {
  {     0,  26,  26,  35,    4,  -25 },   // 0x00
  {    85,  26,  26,  35,    4,  -25 },   // 0x01
  {   170,  26,  26,  35,    4,  -25 },   // 0x02
  {   255,  26,  26,  35,    4,  -25 },   // 0x03
  {   340,  26,  26,  35,    4,  -25 },   // 0x04
  {   425,  26,  26,  35,    4,  -25 },   // 0x05
  {   510,  26,  26,  35,    4,  -25 },   // 0x06
  {   595,  26,  26,  35,    4,  -25 },   // 0x07
  {   680,  26,  26,  35,    4,  -25 },   // 0x08
  {   765,  26,  26,  35,    4,  -25 },   // 0x09
  {   850,  26,  26,  35,    4,  -25 },   // 0x0A
  {   935,  26,  26,  35,    4,  -25 },   // 0x0B
  {  1020,  26,  26,  35,    4,  -25 },   // 0x0C
  {  1105,  26,  26,  35,    4,  -25 },   // 0x0D
  {  1190,  26,  26,  35,    4,  -25 },   // 0x0E
  {  1275,  26,  26,  35,    4,  -25 },   // 0x0F
  {  1360,  26,  26,  35,    4,  -25 },   // 0x10
  {  1445,  26,  26,  35,    4,  -25 },   // 0x11
  {  1530,  26,  26,  35,    4,  -25 },   // 0x12
  {  1615,  26,  26,  35,    4,  -25 },   // 0x13
  {  1700,  26,  26,  35,    4,  -25 },   // 0x14
  {  1785,  26,  26,  35,    4,  -25 },   // 0x15
  {  1870,  26,  26,  35,    4,  -25 },   // 0x16
  {  1955,  26,  26,  35,    4,  -25 },   // 0x17
  {  2040,  26,  26,  35,    4,  -25 },   // 0x18
  {  2125,  26,  26,  35,    4,  -25 },   // 0x19
  {  2210,  26,  26,  35,    4,  -25 },   // 0x1A
  {  2295,  26,  26,  35,    4,  -25 },   // 0x1B
  {  2380,  26,  26,  35,    4,  -25 },   // 0x1C
  {  2465,  26,  26,  35,    4,  -25 },   // 0x1D
  {  2550,  26,  26,  35,    4,  -25 },   // 0x1E
  {  2635,  26,  26,  35,    4,  -25 },   // 0x1F
  {  2720,   1,   1,  11,    0,    0 },   // 0x20 ' '
  {  2721,   3,  25,  12,    4,  -24 },   // 0x21 '!'
  {  2731,   9,  10,  14,    2,  -26 },   // 0x22 '"'
  {  2743,  21,  25,  25,    2,  -24 },   // 0x23 '#'
  {  2809,  15,  33,  19,    2,  -26 },   // 0x24 '$'
  {  2871,  31,  26,  34,    2,  -25 },   // 0x25 '%'
  {  2972,  24,  26,  24,    1,  -25 },   // 0x26 '&'
  {  3050,   3,  10,   7,    2,  -26 },   // 0x27 '''
  {  3054,  10,  34,  13,    2,  -26 },   // 0x28 '('
  {  3097,  10,  34,  13,    1,  -26 },   // 0x29 ')'
  {  3140,  16,  16,  19,    2,  -26 },   // 0x2A '*'
  {  3172,  21,  21,  25,    2,  -21 },   // 0x2B '+'
  {  3228,   7,  11,  11,    1,   -4 },   // 0x2C ','
  {  3238,  10,   3,  13,    2,  -12 },   // 0x2D '-'
  {  3242,   4,   5,  11,    3,   -4 },   // 0x2E '.'
  {  3245,  13,  33,  13,    0,  -26 },   // 0x2F '/'
  {  3299,  16,  26,  19,    1,  -25 },   // 0x30 '0'
  {  3351,  13,  25,  19,    3,  -24 },   // 0x31 '1'
  {  3392,  16,  26,  19,    2,  -25 },   // 0x32 '2'
  {  3444,  15,  26,  19,    2,  -25 },   // 0x33 '3'
  {  3493,  18,  25,  19,    1,  -24 },   // 0x34 '4'
  {  3550,  15,  25,  19,    2,  -24 },   // 0x35 '5'
  {  3597,  17,  26,  19,    1,  -25 },   // 0x36 '6'
  {  3653,  16,  25,  19,    2,  -24 },   // 0x37 '7'
  {  3703,  17,  26,  19,    1,  -25 },   // 0x38 '8'
  {  3759,  17,  26,  19,    1,  -25 },   // 0x39 '9'
  {  3815,   4,  19,  12,    4,  -18 },   // 0x3A ':'
  {  3825,   7,  25,  12,    2,  -18 },   // 0x3B ';'
  {  3847,  18,  19,  25,    3,  -19 },   // 0x3C '<'
  {  3890,  19,  10,  25,    3,  -15 },   // 0x3D '='
  {  3914,  18,  19,  25,    4,  -19 },   // 0x3E '>'
  {  3957,  14,  26,  17,    2,  -25 },   // 0x3F '?'
  {  4003,  28,  30,  32,    2,  -25 },   // 0x40 '@'
  {  4108,  21,  25,  21,    0,  -24 },   // 0x41 'A'
  {  4174,  17,  25,  21,    3,  -24 },   // 0x42 'B'
  {  4228,  19,  26,  21,    1,  -25 },   // 0x43 'C'
  {  4290,  20,  25,  24,    3,  -24 },   // 0x44 'D'
  {  4353,  16,  25,  20,    3,  -24 },   // 0x45 'E'
  {  4403,  15,  25,  18,    3,  -24 },   // 0x46 'F'
  {  4450,  20,  26,  23,    1,  -25 },   // 0x47 'G'
  {  4515,  18,  25,  24,    3,  -24 },   // 0x48 'H'
  {  4572,   9,  25,  13,    2,  -24 },   // 0x49 'I'
  {  4601,  13,  25,  15,    0,  -24 },   // 0x4A 'J'
  {  4642,  19,  25,  21,    3,  -24 },   // 0x4B 'K'
  {  4702,  14,  25,  17,    3,  -24 },   // 0x4C 'L'
  {  4746,  21,  25,  27,    3,  -24 },   // 0x4D 'M'
  {  4812,  17,  25,  23,    3,  -24 },   // 0x4E 'N'
  {  4866,  23,  26,  25,    1,  -25 },   // 0x4F 'O'
  {  4941,  15,  25,  19,    3,  -24 },   // 0x50 'P'
  {  4988,  23,  33,  25,    1,  -25 },   // 0x51 'Q'
  {  5083,  20,  25,  22,    3,  -24 },   // 0x52 'R'
  {  5146,  17,  26,  20,    2,  -25 },   // 0x53 'S'
  {  5202,  21,  25,  20,   -1,  -24 },   // 0x54 'T'
  {  5268,  19,  25,  23,    2,  -24 },   // 0x55 'U'
  {  5328,  21,  25,  21,    0,  -24 },   // 0x56 'V'
  {  5394,  32,  25,  32,    0,  -24 },   // 0x57 'W'
  {  5494,  20,  25,  20,    0,  -24 },   // 0x58 'X'
  {  5557,  21,  25,  20,   -1,  -24 },   // 0x59 'Y'
  {  5623,  18,  25,  20,    1,  -24 },   // 0x5A 'Z'
  {  5680,   9,  34,  13,    3,  -26 },   // 0x5B '['
  {  5719,  13,  33,  13,    1,  -26 },   // 0x5C '\'
  {  5773,   9,  34,  13,    2,  -26 },   // 0x5D ']'
  {  5812,  21,  14,  25,    2,  -24 },   // 0x5E '^'
  {  5849,  19,   2,  19,    0,    4 },   // 0x5F '_'
  {  5854,   7,   6,  19,    4,  -27 },   // 0x60 '`'
  {  5860,  15,  20,  18,    1,  -19 },   // 0x61 'a'
  {  5898,  16,  27,  19,    2,  -26 },   // 0x62 'b'
  {  5952,  14,  20,  16,    1,  -19 },   // 0x63 'c'
  {  5987,  16,  27,  19,    1,  -26 },   // 0x64 'd'
  {  6041,  16,  20,  18,    1,  -19 },   // 0x65 'e'
  {  6081,  12,  27,  11,    1,  -26 },   // 0x66 'f'
  {  6122,  16,  27,  19,    1,  -19 },   // 0x67 'g'
  {  6176,  16,  27,  20,    2,  -26 },   // 0x68 'h'
  {  6230,   3,  25,   8,    2,  -24 },   // 0x69 'i'
  {  6240,   9,  32,  10,   -1,  -24 },   // 0x6A 'j'
  {  6276,  16,  27,  17,    2,  -26 },   // 0x6B 'k'
  {  6330,   3,  27,   8,    2,  -26 },   // 0x6C 'l'
  {  6341,  25,  20,  29,    2,  -19 },   // 0x6D 'm'
  {  6404,  16,  20,  20,    2,  -19 },   // 0x6E 'n'
  {  6444,  17,  20,  19,    1,  -19 },   // 0x6F 'o'
  {  6487,  16,  27,  19,    2,  -19 },   // 0x70 'p'
  {  6541,  16,  27,  19,    1,  -19 },   // 0x71 'q'
  {  6595,  11,  19,  13,    2,  -18 },   // 0x72 'r'
  {  6622,  14,  20,  16,    1,  -19 },   // 0x73 's'
  {  6657,  11,  24,  12,    1,  -23 },   // 0x74 't'
  {  6690,  16,  19,  20,    2,  -18 },   // 0x75 'u'
  {  6728,  17,  19,  17,    0,  -18 },   // 0x76 'v'
  {  6769,  24,  19,  26,    1,  -18 },   // 0x77 'w'
  {  6826,  17,  19,  17,    0,  -18 },   // 0x78 'x'
  {  6867,  17,  26,  17,    0,  -18 },   // 0x79 'y'
  {  6923,  14,  19,  16,    1,  -18 },   // 0x7A 'z'
  {  6957,  15,  34,  17,    1,  -26 },   // 0x7B '{'
  {  7021,   3,  34,  13,    5,  -26 },   // 0x7C '|'
  {  7034,  15,  34,  17,    1,  -26 },   // 0x7D '}'
  {  7098,  21,   9,  25,    2,  -15 },   // 0x7E '~'
  {  7122,  26,  26,  35,    4,  -25 },   // 0x7F
  {  7207,  26,  26,  35,    4,  -25 },   // 0x80
  {  7292,  26,  26,  35,    4,  -25 },   // 0x81
  {  7377,  26,  26,  35,    4,  -25 },   // 0x82
  {  7462,  26,  26,  35,    4,  -25 },   // 0x83
  {  7547,  26,  26,  35,    4,  -25 },   // 0x84
  {  7632,  26,  26,  35,    4,  -25 },   // 0x85
  {  7717,  26,  26,  35,    4,  -25 },   // 0x86
  {  7802,  26,  26,  35,    4,  -25 },   // 0x87
  {  7887,  26,  26,  35,    4,  -25 },   // 0x88
  {  7972,  26,  26,  35,    4,  -25 },   // 0x89
  {  8057,  26,  26,  35,    4,  -25 },   // 0x8A
  {  8142,  26,  26,  35,    4,  -25 },   // 0x8B
  {  8227,  26,  26,  35,    4,  -25 },   // 0x8C
  {  8312,  26,  26,  35,    4,  -25 },   // 0x8D
  {  8397,  26,  26,  35,    4,  -25 },   // 0x8E
  {  8482,  26,  26,  35,    4,  -25 },   // 0x8F
  {  8567,  26,  26,  35,    4,  -25 },   // 0x90
  {  8652,  26,  26,  35,    4,  -25 },   // 0x91
  {  8737,  26,  26,  35,    4,  -25 },   // 0x92
  {  8822,  26,  26,  35,    4,  -25 },   // 0x93
  {  8907,  26,  26,  35,    4,  -25 },   // 0x94
  {  8992,  26,  26,  35,    4,  -25 },   // 0x95
  {  9077,  26,  26,  35,    4,  -25 },   // 0x96
  {  9162,  26,  26,  35,    4,  -25 },   // 0x97
  {  9247,  26,  26,  35,    4,  -25 },   // 0x98
  {  9332,  26,  26,  35,    4,  -25 },   // 0x99
  {  9417,  26,  26,  35,    4,  -25 },   // 0x9A
  {  9502,  26,  26,  35,    4,  -25 },   // 0x9B
  {  9587,  26,  26,  35,    4,  -25 },   // 0x9C
  {  9672,  26,  26,  35,    4,  -25 },   // 0x9D
  {  9757,  26,  26,  35,    4,  -25 },   // 0x9E
  {  9842,  26,  26,  35,    4,  -25 },   // 0x9F
  {  9927,   1,   1,  11,    0,    0 },   // 0xA0
  {  9928,   3,  25,  12,    4,  -24 },   // 0xA1
  {  9938,  15,  31,  19,    2,  -24 },   // 0xA2
  {  9997,  16,  26,  19,    2,  -25 },   // 0xA3
  { 10049,  17,  17,  19,    1,  -19 },   // 0xA4
  { 10086,  19,  25,  19,    0,  -24 },   // 0xA5
  { 10146,   3,  34,  13,    5,  -26 },   // 0xA6
  { 10159,  15,  33,  19,    2,  -25 },   // 0xA7
  { 10221,  10,   3,  19,    4,  -24 },   // 0xA8
  { 10225,  30,  30,  33,    1,  -25 },   // 0xA9
  { 10338,  13,  17,  17,    2,  -25 },   // 0xAA
  { 10366,  16,  17,  20,    2,  -19 },   // 0xAB
  { 10400,  20,  12,  25,    3,  -12 },   // 0xAC
  { 10430,  10,   3,  13,    2,  -12 },   // 0xAD
  { 10434,  30,  30,  33,    1,  -25 },   // 0xAE
  { 10547,  20,   2,  19,    0,  -30 },   // 0xAF
  { 10552,  13,  13,  16,    2,  -25 },   // 0xB0
  { 10574,  21,  22,  25,    2,  -23 },   // 0xB1
  { 10632,  12,  17,  17,    3,  -25 },   // 0xB2
  { 10658,  11,  18,  17,    3,  -25 },   // 0xB3
  { 10683,   7,   6,  19,    8,  -27 },   // 0xB4
  { 10689,  16,  26,  20,    2,  -18 },   // 0xB5
  { 10741,  16,  31,  19,    1,  -24 },   // 0xB6
  { 10803,   4,   5,  12,    4,  -18 },   // 0xB7
  { 10806,   8,   7,  19,    5,    1 },   // 0xB8
  { 10813,   9,  16,  17,    5,  -24 },   // 0xB9
  { 10831,  14,  17,  17,    1,  -25 },   // 0xBA
  { 10861,  16,  17,  20,    2,  -19 },   // 0xBB
  { 10895,  28,  25,  35,    3,  -24 },   // 0xBC
  { 10983,  31,  25,  35,    3,  -24 },   // 0xBD
  { 11080,  30,  26,  35,    2,  -25 },   // 0xBE
  { 11178,  14,  25,  17,    1,  -24 },   // 0xBF
  { 11222,  21,  34,  21,    0,  -33 },   // 0xC0
  { 11312,  21,  34,  21,    0,  -33 },   // 0xC1
  { 11402,  21,  34,  21,    0,  -33 },   // 0xC2
  { 11492,  21,  34,  21,    0,  -33 },   // 0xC3
  { 11582,  21,  31,  21,    0,  -30 },   // 0xC4
  { 11664,  21,  34,  21,    0,  -33 },   // 0xC5
  { 11754,  32,  25,  32,   -1,  -24 },   // 0xC6
  { 11854,  19,  33,  21,    1,  -25 },   // 0xC7
  { 11933,  16,  34,  20,    3,  -33 },   // 0xC8
  { 12001,  16,  34,  20,    3,  -33 },   // 0xC9
  { 12069,  16,  34,  20,    3,  -33 },   // 0xCA
  { 12137,  16,  31,  20,    3,  -30 },   // 0xCB
  { 12199,   9,  34,  13,    2,  -33 },   // 0xCC
  { 12238,   9,  34,  13,    2,  -33 },   // 0xCD
  { 12277,  12,  34,  13,    1,  -33 },   // 0xCE
  { 12328,  11,  31,  13,    1,  -30 },   // 0xCF
  { 12371,  23,  25,  24,    0,  -24 },   // 0xD0
  { 12443,  17,  34,  23,    3,  -33 },   // 0xD1
  { 12516,  23,  34,  25,    1,  -33 },   // 0xD2
  { 12614,  23,  34,  25,    1,  -33 },   // 0xD3
  { 12712,  23,  34,  25,    1,  -33 },   // 0xD4
  { 12810,  23,  34,  25,    1,  -33 },   // 0xD5
  { 12908,  23,  31,  25,    1,  -30 },   // 0xD6
  { 12998,  19,  19,  25,    3,  -20 },   // 0xD7
  { 13044,  23,  29,  25,    1,  -26 },   // 0xD8
  { 13128,  19,  34,  23,    2,  -33 },   // 0xD9
  { 13209,  19,  34,  23,    2,  -33 },   // 0xDA
  { 13290,  19,  34,  23,    2,  -33 },   // 0xDB
  { 13371,  19,  31,  23,    2,  -30 },   // 0xDC
  { 13445,  21,  34,  20,   -1,  -33 },   // 0xDD
  { 13535,  15,  25,  20,    3,  -24 },   // 0xDE
  { 13582,  16,  27,  19,    2,  -26 },   // 0xDF
  { 13636,  15,  28,  18,    1,  -27 },   // 0xE0
  { 13689,  15,  28,  18,    1,  -27 },   // 0xE1
  { 13742,  15,  28,  18,    1,  -27 },   // 0xE2
  { 13795,  15,  28,  18,    1,  -27 },   // 0xE3
  { 13848,  15,  25,  18,    1,  -24 },   // 0xE4
  { 13895,  15,  30,  18,    1,  -29 },   // 0xE5
  { 13952,  29,  20,  31,    1,  -19 },   // 0xE6
  { 14025,  14,  27,  16,    1,  -19 },   // 0xE7
  { 14073,  16,  28,  18,    1,  -27 },   // 0xE8
  { 14129,  16,  28,  18,    1,  -27 },   // 0xE9
  { 14185,  16,  28,  18,    1,  -27 },   // 0xEA
  { 14241,  16,  25,  18,    1,  -24 },   // 0xEB
  { 14291,   7,  28,   8,    0,  -27 },   // 0xEC
  { 14316,   7,  28,   8,    2,  -27 },   // 0xED
  { 14341,   9,  29,   8,   -1,  -28 },   // 0xEE
  { 14374,   9,  26,   8,   -1,  -25 },   // 0xEF
  { 14404,  17,  26,  19,    1,  -25 },   // 0xF0
  { 14460,  16,  28,  20,    2,  -27 },   // 0xF1
  { 14516,  17,  28,  19,    1,  -27 },   // 0xF2
  { 14576,  17,  28,  19,    1,  -27 },   // 0xF3
  { 14636,  17,  28,  19,    1,  -27 },   // 0xF4
  { 14696,  17,  28,  19,    1,  -27 },   // 0xF5
  { 14756,  17,  25,  19,    1,  -24 },   // 0xF6
  { 14810,  22,  21,  25,    2,  -21 },   // 0xF7
  { 14868,  17,  24,  19,    1,  -21 },   // 0xF8
  { 14919,  16,  28,  20,    2,  -27 },   // 0xF9
  { 14975,  16,  28,  20,    2,  -27 },   // 0xFA
  { 15031,  16,  28,  20,    2,  -27 },   // 0xFB
  { 15087,  16,  25,  20,    2,  -24 },   // 0xFC
  { 15137,  17,  35,  17,    0,  -27 },   // 0xFD
  { 15212,  16,  34,  19,    2,  -26 },   // 0xFE
  { 15280,  17,  32,  17,    0,  -24 } }; // 0xFF

const GFXfont tahoma18pt8b PROGMEM = {
  (uint8_t  *)tahoma18pt8bBitmaps,
  (GFXglyph *)tahoma18pt8bGlyphs,
  0x00, 0xFF, 43 };

// Approx. 17147 bytes
